dme00010	10160
dme00010	10202
dme00010	10467
dme00010	10924
dme00010	10996
dme00010	11140
dme00010	11249
dme00010	11876
dme00010	12055
dme00010	12229
dme00010	13334
dme00010	15400
dme00010	1721
dme00010	17645
dme00010	17654
dme00010	17725
dme00010	2171
dme00010	2767
dme00010	2964
dme00010	3001
dme00010	31075
dme00010	3127
dme00010	31692
dme00010	32444
dme00010	32445
dme00010	32849
dme00010	33102
dme00010	3481
dme00010	3752
dme00010	4001
dme00010	4123
dme00010	4317
dme00010	4988
dme00010	5165
dme00010	5261
dme00010	5432
dme00010	6058
dme00010	6598
dme00010	6650
dme00010	7010
dme00010	7024
dme00010	7069
dme00010	7070
dme00010	7362
dme00010	7430
dme00010	8073
dme00010	8094
dme00010	8251
dme00010	8893
dme00010	9008
dme00010	9010
dme00010	9390
dme00010	9629
dme00010	9961
dme00020	10219
dme00020	10622
dme00020	1065
dme00020	10748
dme00020	10749
dme00020	10924
dme00020	11661
dme00020	11876
dme00020	11963
dme00020	12233
dme00020	14740
dme00020	1516
dme00020	17246
dme00020	17725
dme00020	31874
dme00020	32026
dme00020	3283
dme00020	33791
dme00020	3483
dme00020	3861
dme00020	4094
dme00020	4095
dme00020	4706
dme00020	4900
dme00020	5028
dme00020	5214
dme00020	5261
dme00020	5362
dme00020	5718
dme00020	6140
dme00020	6255
dme00020	6342
dme00020	6439
dme00020	6629
dme00020	6666
dme00020	7010
dme00020	7024
dme00020	7176
dme00020	7349
dme00020	7430
dme00020	7998
dme00020	8322
dme00020	9244
dme00030	10202
dme00030	1152
dme00030	12398
dme00030	12529
dme00030	13369
dme00030	17010
dme00030	17333
dme00030	2827
dme00030	30410
dme00030	30499
dme00030	31692
dme00030	3724
dme00030	4001
dme00030	5103
dme00030	5165
dme00030	5432
dme00030	6058
dme00030	6767
dme00030	7140
dme00030	8036
dme00030	8073
dme00030	8251
dme00030	8525
dme00030	9886
dme00040	10072
dme00040	10131
dme00040	10178
dme00040	10638
dme00040	10863
dme00040	11012
dme00040	11289
dme00040	12766
dme00040	13270
dme00040	13271
dme00040	13280
dme00040	15117
dme00040	15661
dme00040	15902
dme00040	17200
dme00040	17322
dme00040	17323
dme00040	17324
dme00040	17932
dme00040	1982
dme00040	2135
dme00040	2767
dme00040	2788
dme00040	30499
dme00040	31002
dme00040	3534
dme00040	3597
dme00040	3609
dme00040	3797
dme00040	40064
dme00040	4302
dme00040	4347
dme00040	4414
dme00040	4649
dme00040	4772
dme00040	5724
dme00040	5999
dme00040	6083
dme00040	6084
dme00040	6475
dme00040	6633
dme00040	6644
dme00040	6649
dme00040	6653
dme00040	6658
dme00040	7322
dme00040	8652
dme00040	9436
dme00040	9481
dme00040	9914
dme00051	10638
dme00051	10688
dme00051	10863
dme00051	1129
dme00051	12289
dme00051	12766
dme00051	1982
dme00051	2171
dme00051	3001
dme00051	31692
dme00051	32849
dme00051	33102
dme00051	3400
dme00051	3495
dme00051	4001
dme00051	40064
dme00051	4649
dme00051	5432
dme00051	6058
dme00051	6083
dme00051	6084
dme00051	7328
dme00051	7335
dme00051	7551
dme00051	8094
dme00051	8207
dme00051	8417
dme00051	8890
dme00051	9436
dme00052	10202
dme00052	10467
dme00052	10638
dme00052	10863
dme00052	10996
dme00052	11669
dme00052	11909
dme00052	12030
dme00052	12766
dme00052	14934
dme00052	14935
dme00052	15400
dme00052	3001
dme00052	3132
dme00052	32444
dme00052	32445
dme00052	32849
dme00052	33102
dme00052	4001
dme00052	40064
dme00052	4347
dme00052	4988
dme00052	5165
dme00052	6083
dme00052	6084
dme00052	7685
dme00052	7997
dme00052	8073
dme00052	8094
dme00052	8690
dme00052	8693
dme00052	8694
dme00052	8695
dme00052	8696
dme00052	9092
dme00052	9232
dme00052	9436
dme00053	10072
dme00053	10178
dme00053	11012
dme00053	11289
dme00053	13270
dme00053	13271
dme00053	15661
dme00053	15902
dme00053	17200
dme00053	17322
dme00053	17323
dme00053	17324
dme00053	17932
dme00053	2788
dme00053	31002
dme00053	31075
dme00053	3752
dme00053	3797
dme00053	4302
dme00053	4414
dme00053	4772
dme00053	5724
dme00053	5999
dme00053	6475
dme00053	6633
dme00053	6644
dme00053	6649
dme00053	6653
dme00053	6658
dme00053	6910
dme00053	8652
dme00053	9481
dme00053	9629
dme00061	11198
dme00061	12170
dme00061	17374
dme00061	3523
dme00061	3524
dme00061	3961
dme00061	4500
dme00061	4501
dme00061	7842
dme00061	8732
dme00062	10849
dme00062	11801
dme00062	12108
dme00062	1444
dme00062	16935
dme00062	17821
dme00062	18609
dme00062	32072
dme00062	3971
dme00062	4389
dme00062	4581
dme00062	4600
dme00062	4851
dme00062	6543
dme00062	6746
dme00062	9267
dme00071	10932
dme00071	12262
dme00071	12891
dme00071	13890
dme00071	17544
dme00071	2107
dme00071	31075
dme00071	3481
dme00071	3752
dme00071	3902
dme00071	3961
dme00071	4389
dme00071	4500
dme00071	4501
dme00071	4581
dme00071	4586
dme00071	4592
dme00071	4594
dme00071	4598
dme00071	4600
dme00071	4703
dme00071	4860
dme00071	5009
dme00071	6543
dme00071	6598
dme00071	7461
dme00071	8732
dme00071	9149
dme00071	9527
dme00071	9547
dme00071	9629
dme00071	9707
dme00071	9709
dme00072	10399
dme00072	10932
dme00072	1140
dme00072	12068
dme00072	13377
dme00072	4311
dme00072	9149
dme00100	11406
dme00100	18301
dme00100	1998
dme00100	6113
dme00100	8112
dme00100	8823
dme00130	11796
dme00130	13927
dme00130	14437
dme00130	1461
dme00130	2453
dme00130	33544
dme00130	7277
dme00130	9249
dme00130	9613
dme00190	dme:ATP6
dme00190	dme:ATP8
dme00190	dme:COX1
dme00190	dme:COX2
dme00190	dme:COX3
dme00190	dme:CYTB
dme00190	10219
dme00190	10320
dme00190	10396
dme00190	10664
dme00190	1076
dme00190	1088
dme00190	11015
dme00190	11043
dme00190	11154
dme00190	11423
dme00190	11455
dme00190	11589
dme00190	11913
dme00190	12079
dme00190	12203
dme00190	12400
dme00190	12403
dme00190	12602
dme00190	1268
dme00190	12859
dme00190	13167
dme00190	13240
dme00190	14028
dme00190	14077
dme00190	14235
dme00190	14482
dme00190	14508
dme00190	14724
dme00190	14909
dme00190	15434
dme00190	15719
dme00190	1709
dme00190	17246
dme00190	17280
dme00190	17332
dme00190	17369
dme00190	1746
dme00190	17856
dme00190	18193
dme00190	18617
dme00190	18624
dme00190	1970
dme00190	2014
dme00190	2249
dme00190	2286
dme00190	2934
dme00190	2968
dme00190	30093
dme00190	30329
dme00190	30354
dme00190	31477
dme00190	3161
dme00190	31644
dme00190	31648
dme00190	3192
dme00190	32089
dme00190	32090
dme00190	3214
dme00190	32230
dme00190	3283
dme00190	3321
dme00190	34439
dme00190	3446
dme00190	3560
dme00190	3612
dme00190	3621
dme00190	3683
dme00190	3762
dme00190	3803
dme00190	3944
dme00190	40002
dme00190	40472
dme00190	41623
dme00190	4169
dme00190	4307
dme00190	43206
dme00190	4412
dme00190	44296
dme00190	4624
dme00190	4634
dme00190	4692
dme00190	4769
dme00190	5037
dme00190	5075
dme00190	5389
dme00190	5548
dme00190	5703
dme00190	5718
dme00190	6008
dme00190	6020
dme00190	6030
dme00190	6105
dme00190	6213
dme00190	6343
dme00190	6463
dme00190	6485
dme00190	6629
dme00190	6666
dme00190	6737
dme00190	6914
dme00190	7007
dme00190	7026
dme00190	7181
dme00190	7211
dme00190	7349
dme00190	7361
dme00190	7580
dme00190	7610
dme00190	7625
dme00190	7678
dme00190	7712
dme00190	8029
dme00190	8048
dme00190	8102
dme00190	8186
dme00190	8189
dme00190	8210
dme00190	8310
dme00190	8680
dme00190	8764
dme00190	8844
dme00190	9013
dme00190	9032
dme00190	9065
dme00190	9140
dme00190	9160
dme00190	9172
dme00190	9306
dme00190	9350
dme00190	9603
dme00190	9762
dme00190	dme:ND1
dme00190	dme:ND2
dme00190	dme:ND3
dme00190	dme:ND4
dme00190	dme:ND4L
dme00190	dme:ND5
dme00190	dme:ND6
dme00220	1315
dme00220	1640
dme00220	1743
dme00220	18104
dme00220	2718
dme00220	4233
dme00220	42708
dme00220	4434
dme00220	5320
dme00220	6465
dme00220	6713
dme00220	6726
dme00220	6738
dme00220	8430
dme00220	9510
dme00230	10078
dme00230	10122
dme00230	10143
dme00230	10202
dme00230	10255
dme00230	10489
dme00230	10564
dme00230	10581
dme00230	10582
dme00230	10685
dme00230	11089
dme00230	11246
dme00230	11249
dme00230	11255
dme00230	11301
dme00230	11337
dme00230	1163
dme00230	11811
dme00230	11883
dme00230	11900
dme00230	11979
dme00230	11994
dme00230	12018
dme00230	12229
dme00230	12267
dme00230	13399
dme00230	13418
dme00230	13628
dme00230	13773
dme00230	1470
dme00230	14885
dme00230	14886
dme00230	1506
dme00230	1554
dme00230	15547
dme00230	16758
dme00230	17146
dme00230	17174
dme00230	17176
dme00230	17209
dme00230	17273
dme00230	1799
dme00230	18128
dme00230	18143
dme00230	18315
dme00230	1851
dme00230	18516
dme00230	18519
dme00230	18522
dme00230	18600
dme00230	1912
dme00230	2210
dme00230	2867
dme00230	2964
dme00230	30016
dme00230	30103
dme00230	30104
dme00230	3059
dme00230	31155
dme00230	31183
dme00230	3140
dme00230	31628
dme00230	31713
dme00230	31793
dme00230	3180
dme00230	3216
dme00230	32178
dme00230	32301
dme00230	32305
dme00230	32498
dme00230	32549
dme00230	32626
dme00230	3284
dme00230	33051
dme00230	33114
dme00230	3362
dme00230	33785
dme00230	34186
dme00230	34341
dme00230	34357
dme00230	3461
dme00230	3590
dme00230	3756
dme00230	3809
dme00230	3975
dme00230	3989
dme00230	4033
dme00230	4098
dme00230	4154
dme00230	42249
dme00230	42276
dme00230	43662
dme00230	43663
dme00230	44007
dme00230	45019
dme00230	4827
dme00230	5147
dme00230	5165
dme00230	5276
dme00230	5310
dme00230	5371
dme00230	5380
dme00230	5553
dme00230	5712
dme00230	5923
dme00230	5949
dme00230	5983
dme00230	5992
dme00230	5998
dme00230	6045
dme00230	6106
dme00230	6349
dme00230	6612
dme00230	6767
dme00230	6768
dme00230	6840
dme00230	7069
dme00230	7070
dme00230	7108
dme00230	7171
dme00230	7339
dme00230	7362
dme00230	7642
dme00230	7885
dme00230	7978
dme00230	8073
dme00230	8279
dme00230	8344
dme00230	8362
dme00230	8363
dme00230	8816
dme00230	8891
dme00230	8975
dme00230	9127
dme00230	9210
dme00230	9242
dme00230	9296
dme00230	9345
dme00230	9533
dme00230	9621
dme00232	18516
dme00232	18519
dme00232	18522
dme00232	6045
dme00232	7171
dme00232	7642
dme00240	10122
dme00240	10489
dme00240	10582
dme00240	10685
dme00240	11246
dme00240	11301
dme00240	11337
dme00240	1163
dme00240	11883
dme00240	11979
dme00240	12018
dme00240	12267
dme00240	13399
dme00240	13418
dme00240	13628
dme00240	13773
dme00240	1411
dme00240	1554
dme00240	15547
dme00240	16758
dme00240	17209
dme00240	17224
dme00240	18128
dme00240	18572
dme00240	18600
dme00240	2194
dme00240	2210
dme00240	2794
dme00240	30103
dme00240	30104
dme00240	3027
dme00240	3059
dme00240	31155
dme00240	31713
dme00240	3180
dme00240	3181
dme00240	32549
dme00240	3284
dme00240	33051
dme00240	3362
dme00240	33785
dme00240	34186
dme00240	3593
dme00240	3756
dme00240	3788
dme00240	3975
dme00240	4033
dme00240	42249
dme00240	43662
dme00240	43663
dme00240	45070
dme00240	4584
dme00240	4798
dme00240	4827
dme00240	5147
dme00240	5276
dme00240	5310
dme00240	5371
dme00240	5380
dme00240	5537
dme00240	5553
dme00240	5757
dme00240	5923
dme00240	5949
dme00240	6092
dme00240	6330
dme00240	6349
dme00240	6364
dme00240	6768
dme00240	6840
dme00240	6951
dme00240	7108
dme00240	7339
dme00240	7885
dme00240	8344
dme00240	8349
dme00240	8353
dme00240	8360
dme00240	8362
dme00240	8975
dme00240	9741
dme00250	10078
dme00250	11241
dme00250	12338
dme00250	12449
dme00250	1315
dme00250	1345
dme00250	14994
dme00250	1640
dme00250	17273
dme00250	1743
dme00250	18572
dme00250	2718
dme00250	2867
dme00250	33486
dme00250	3590
dme00250	3926
dme00250	4233
dme00250	42708
dme00250	4434
dme00250	4685
dme00250	5320
dme00250	6661
dme00250	7145
dme00250	7433
dme00250	7811
dme00250	8132
dme00250	8430
dme00250	9510
dme00250	9674
dme00260	10184
dme00260	10361
dme00260	11236
dme00260	11241
dme00260	11899
dme00260	1236
dme00260	13611
dme00260	1721
dme00260	1753
dme00260	17645
dme00260	3011
dme00260	3017
dme00260	3705
dme00260	3926
dme00260	3999
dme00260	5345
dme00260	5955
dme00260	6188
dme00260	6287
dme00260	6385
dme00260	6415
dme00260	7430
dme00260	7758
dme00260	8129
dme00260	9514
dme00260	9629
dme00260	9886
dme00270	10160
dme00270	10621
dme00270	10623
dme00270	10748
dme00270	10749
dme00270	11134
dme00270	11241
dme00270	11334
dme00270	11654
dme00270	12173
dme00270	12279
dme00270	13334
dme00270	1461
dme00270	1673
dme00270	1753
dme00270	2259
dme00270	2674
dme00270	31115
dme00270	32068
dme00270	4233
dme00270	4300
dme00270	4802
dme00270	4919
dme00270	5029
dme00270	5345
dme00270	5362
dme00270	5493
dme00270	6835
dme00270	7998
dme00270	8327
dme00270	8430
dme00270	8956
dme00270	9977
dme00280	10399
dme00280	10932
dme00280	11241
dme00280	1140
dme00280	12262
dme00280	15093
dme00280	1673
dme00280	17691
dme00280	17896
dme00280	18155
dme00280	2118
dme00280	31075
dme00280	3267
dme00280	3752
dme00280	3902
dme00280	4311
dme00280	4389
dme00280	4581
dme00280	4600
dme00280	4703
dme00280	4747
dme00280	4860
dme00280	5044
dme00280	5599
dme00280	6543
dme00280	6638
dme00280	7113
dme00280	7430
dme00280	7433
dme00280	8199
dme00280	8778
dme00280	9149
dme00280	9629
dme00290	1673
dme00290	8129
dme00300	9629
dme00310	10814
dme00310	10932
dme00310	10947
dme00310	11661
dme00310	12196
dme00310	13363
dme00310	1716
dme00310	2995
dme00310	31075
dme00310	31751
dme00310	31915
dme00310	32732
dme00310	3307
dme00310	33791
dme00310	3752
dme00310	3848
dme00310	40351
dme00310	42803
dme00310	4335
dme00310	43664
dme00310	43665
dme00310	4389
dme00310	4565
dme00310	4976
dme00310	5214
dme00310	5321
dme00310	6199
dme00310	6502
dme00310	6543
dme00310	7144
dme00310	8651
dme00310	8887
dme00310	9149
dme00310	9547
dme00310	9629
dme00330	11236
dme00330	11828
dme00330	13611
dme00330	1417
dme00330	1546
dme00330	15539
dme00330	15864
dme00330	17337
dme00330	18104
dme00330	18231
dme00330	18369
dme00330	18749
dme00330	31013
dme00330	31014
dme00330	31015
dme00330	31016
dme00330	31017
dme00330	31021
dme00330	31022
dme00330	31075
dme00330	31524
dme00330	32031
dme00330	32064
dme00330	32199
dme00330	32201
dme00330	32351
dme00330	34345
dme00330	3752
dme00330	4174
dme00330	4233
dme00330	4300
dme00330	4439
dme00330	4546
dme00330	4750
dme00330	5029
dme00330	5144
dme00330	5840
dme00330	6009
dme00330	6372
dme00330	6661
dme00330	6713
dme00330	7145
dme00330	7470
dme00330	8327
dme00330	8430
dme00330	8719
dme00330	8721
dme00330	8782
dme00330	9629
dme00330	9698
dme00330	9720
dme00330	9726
dme00330	9728
dme00340	10697
dme00340	11140
dme00340	11596
dme00340	13611
dme00340	17337
dme00340	31075
dme00340	3454
dme00340	3752
dme00340	9629
dme00350	10118
dme00350	10697
dme00350	11140
dme00350	11796
dme00350	13611
dme00350	1461
dme00350	14993
dme00350	1543
dme00350	3481
dme00350	4233
dme00350	42639
dme00350	42640
dme00350	4779
dme00350	5793
dme00350	6598
dme00350	8430
dme00350	9362
dme00350	9363
dme00360	10697
dme00360	11140
dme00360	11796
dme00360	13611
dme00360	1461
dme00360	4233
dme00360	7399
dme00360	8430
dme00380	10697
dme00380	10932
dme00380	11661
dme00380	13611
dme00380	1555
dme00380	2155
dme00380	31075
dme00380	3318
dme00380	33791
dme00380	3752
dme00380	4389
dme00380	6543
dme00380	6871
dme00380	6950
dme00380	9122
dme00380	9149
dme00380	9314
dme00380	9542
dme00380	9547
dme00380	9629
dme00400	1461
dme00400	4233
dme00400	7399
dme00400	8430
dme00410	11140
dme00410	12262
dme00410	1411
dme00410	14994
dme00410	17337
dme00410	17896
dme00410	2194
dme00410	3027
dme00410	31075
dme00410	3752
dme00410	4300
dme00410	4389
dme00410	5044
dme00410	6543
dme00410	7433
dme00410	7811
dme00410	8327
dme00410	9629
dme00430	1492
dme00430	14994
dme00430	17636
dme00430	4829
dme00430	5493
dme00430	5618
dme00430	6461
dme00430	7550
dme00430	7811
dme00440	1049
dme00440	18330
dme00440	33116
dme00440	5547
dme00440	6016
dme00440	7149
dme00450	11401
dme00450	12788
dme00450	1427
dme00450	15100
dme00450	2151
dme00450	31322
dme00450	5025
dme00450	5345
dme00450	6950
dme00450	8363
dme00450	8553
dme00471	42708
dme00471	4434
dme00471	5320
dme00472	11236
dme00480	10045
dme00480	10091
dme00480	11512
dme00480	11784
dme00480	11951
dme00480	11956
dme00480	12013
dme00480	12242
dme00480	12529
dme00480	13340
dme00480	14516
dme00480	1492
dme00480	15116
dme00480	1681
dme00480	16936
dme00480	1702
dme00480	1742
dme00480	17522
dme00480	17523
dme00480	17524
dme00480	17525
dme00480	17527
dme00480	17530
dme00480	17531
dme00480	17533
dme00480	17534
dme00480	17636
dme00480	17639
dme00480	18369
dme00480	18548
dme00480	2111
dme00480	2259
dme00480	30000
dme00480	30005
dme00480	31233
dme00480	31343
dme00480	31445
dme00480	32063
dme00480	32064
dme00480	32351
dme00480	33177
dme00480	33178
dme00480	33546
dme00480	3502
dme00480	3724
dme00480	4181
dme00480	4300
dme00480	4371
dme00480	4381
dme00480	4421
dme00480	4423
dme00480	4439
dme00480	4688
dme00480	4750
dme00480	4752
dme00480	4829
dme00480	4919
dme00480	5164
dme00480	5224
dme00480	5371
dme00480	6372
dme00480	6461
dme00480	6662
dme00480	6673
dme00480	6776
dme00480	6781
dme00480	6835
dme00480	7140
dme00480	7176
dme00480	8327
dme00480	8719
dme00480	8721
dme00480	8938
dme00480	8975
dme00480	9285
dme00480	9806
dme00500	10202
dme00500	11669
dme00500	11909
dme00500	14934
dme00500	14935
dme00500	15400
dme00500	17876
dme00500	18730
dme00500	3001
dme00500	32849
dme00500	33102
dme00500	33138
dme00500	4104
dme00500	4347
dme00500	44244
dme00500	5165
dme00500	5171
dme00500	5177
dme00500	6262
dme00500	6904
dme00500	7254
dme00500	7685
dme00500	8073
dme00500	8094
dme00500	8221
dme00500	8251
dme00500	8690
dme00500	8693
dme00500	8694
dme00500	8695
dme00500	8696
dme00500	9364
dme00500	9485
dme00510	10166
dme00510	11306
dme00510	11851
dme00510	11874
dme00510	1291
dme00510	13393
dme00510	13431
dme00510	14476
dme00510	14512
dme00510	1518
dme00510	1597
dme00510	17173
dme00510	18012
dme00510	18802
dme00510	2448
dme00510	31202
dme00510	31849
dme00510	32076
dme00510	33303
dme00510	33977
dme00510	4084
dme00510	42275
dme00510	42456
dme00510	4542
dme00510	4871
dme00510	5091
dme00510	5287
dme00510	6308
dme00510	6370
dme00510	7748
dme00510	7830
dme00510	7870
dme00510	7921
dme00510	8311
dme00510	8412
dme00510	9022
dme00510	9384
dme00511	10474
dme00511	12582
dme00511	1318
dme00511	1787
dme00511	1827
dme00511	31148
dme00511	3132
dme00511	31414
dme00511	33090
dme00511	4372
dme00511	4606
dme00511	5322
dme00511	5613
dme00511	6128
dme00511	6206
dme00511	7985
dme00511	8824
dme00511	9092
dme00511	9463
dme00511	9465
dme00511	9466
dme00511	9468
dme00512	10000
dme00512	2103
dme00512	2975
dme00512	2983
dme00512	30463
dme00512	3119
dme00512	31651
dme00512	31776
dme00512	31956
dme00512	3254
dme00512	34056
dme00512	34057
dme00512	34451
dme00512	34452
dme00512	4445
dme00512	6394
dme00512	7297
dme00512	7304
dme00512	7440
dme00512	7480
dme00512	7579
dme00512	8182
dme00512	8708
dme00512	9520
dme00514	10392
dme00514	10580
dme00514	12311
dme00514	12366
dme00514	14789
dme00514	31139
dme00514	31152
dme00514	31915
dme00514	4871
dme00514	6097
dme00514	9109
dme00514	9867
dme00514	9996
dme00515	12311
dme00515	15651
dme00515	3253
dme00515	6097
dme00520	10072
dme00520	10202
dme00520	10531
dme00520	10627
dme00520	10688
dme00520	11257
dme00520	1129
dme00520	12030
dme00520	12449
dme00520	1318
dme00520	1345
dme00520	15771
dme00520	17065
dme00520	1787
dme00520	18140
dme00520	1869
dme00520	1969
dme00520	2054
dme00520	2666
dme00520	3001
dme00520	30293
dme00520	3044
dme00520	32220
dme00520	32849
dme00520	33102
dme00520	3495
dme00520	3986
dme00520	43374
dme00520	4347
dme00520	5165
dme00520	5232
dme00520	5946
dme00520	6218
dme00520	6957
dme00520	7464
dme00520	7914
dme00520	7979
dme00520	8073
dme00520	8094
dme00520	8207
dme00520	8251
dme00520	8417
dme00520	8890
dme00520	9232
dme00520	9307
dme00520	9357
dme00520	9535
dme00531	12014
dme00531	1318
dme00531	13397
dme00531	14291
dme00531	15117
dme00531	1787
dme00531	18278
dme00531	2135
dme00531	30059
dme00531	3132
dme00531	6201
dme00531	6903
dme00531	7402
dme00531	8646
dme00531	9092
dme00532	11780
dme00532	12913
dme00532	31743
dme00532	32300
dme00532	32775
dme00532	43313
dme00532	8734
dme00532	9220
dme00534	10117
dme00534	10234
dme00534	11780
dme00534	15110
dme00534	3194
dme00534	32300
dme00534	32775
dme00534	33147
dme00534	4451
dme00534	7890
dme00534	8339
dme00534	8433
dme00534	8734
dme00561	10638
dme00561	10863
dme00561	11425
dme00561	11426
dme00561	11437
dme00561	11438
dme00561	11440
dme00561	1216
dme00561	12746
dme00561	12766
dme00561	15450
dme00561	18374
dme00561	1941
dme00561	1942
dme00561	1946
dme00561	1986
dme00561	2767
dme00561	31075
dme00561	31140
dme00561	31873
dme00561	31991
dme00561	3209
dme00561	34361
dme00561	34384
dme00561	3752
dme00561	3812
dme00561	40064
dme00561	42667
dme00561	4582
dme00561	4729
dme00561	4753
dme00561	5508
dme00561	5665
dme00561	5966
dme00561	6083
dme00561	6084
dme00561	6753
dme00561	6847
dme00561	7329
dme00561	7995
dme00561	7997
dme00561	8093
dme00561	8298
dme00561	8657
dme00561	8709
dme00561	8804
dme00561	8805
dme00561	9436
dme00561	9629
dme00561	9886
dme00562	10260
dme00562	10426
dme00562	11143
dme00562	11621
dme00562	13688
dme00562	15743
dme00562	17026
dme00562	17027
dme00562	17028
dme00562	17029
dme00562	17471
dme00562	17896
dme00562	2171
dme00562	2929
dme00562	3028
dme00562	30295
dme00562	3530
dme00562	3573
dme00562	3620
dme00562	3632
dme00562	3682
dme00562	4026
dme00562	4123
dme00562	4141
dme00562	4200
dme00562	42271
dme00562	42283
dme00562	4317
dme00562	45017
dme00562	4574
dme00562	5373
dme00562	5671
dme00562	6355
dme00562	6542
dme00562	6562
dme00562	6805
dme00562	6910
dme00562	7004
dme00562	9115
dme00562	9245
dme00562	9389
dme00562	9391
dme00562	9784
dme00562	9985
dme00563	11190
dme00563	12006
dme00563	12077
dme00563	12263
dme00563	13089
dme00563	14463
dme00563	14550
dme00563	18173
dme00563	2144
dme00563	2292
dme00563	3033
dme00563	30381
dme00563	3160
dme00563	32578
dme00563	42456
dme00563	4406
dme00563	44239
dme00563	44255
dme00563	4433
dme00563	45068
dme00563	6401
dme00563	9376
dme00563	9865
dme00563	9870
dme00564	1049
dme00564	11124
dme00564	11425
dme00564	11426
dme00564	11437
dme00564	11438
dme00564	11440
dme00564	12110
dme00564	12345
dme00564	12746
dme00564	14507
dme00564	15450
dme00564	1583
dme00564	17035
dme00564	17907
dme00564	18330
dme00564	18815
dme00564	18858
dme00564	2137
dme00564	2201
dme00564	2212
dme00564	2818
dme00564	3009
dme00564	30503
dme00564	31140
dme00564	31683
dme00564	3209
dme00564	3215
dme00564	32699
dme00564	33116
dme00564	34361
dme00564	34384
dme00564	3525
dme00564	3812
dme00564	42667
dme00564	43345
dme00564	4625
dme00564	4729
dme00564	4753
dme00564	4757
dme00564	4774
dme00564	4825
dme00564	5508
dme00564	5547
dme00564	5991
dme00564	6016
dme00564	6718
dme00564	7149
dme00564	7311
dme00564	7718
dme00564	7962
dme00564	8256
dme00564	8657
dme00564	8709
dme00564	8745
dme00564	8766
dme00564	8804
dme00564	8805
dme00564	9042
dme00564	9245
dme00564	9248
dme00564	9526
dme00564	9655
dme00565	10253
dme00565	11124
dme00565	11425
dme00565	11426
dme00565	11437
dme00565	11438
dme00565	11440
dme00565	12110
dme00565	12746
dme00565	14507
dme00565	1583
dme00565	17035
dme00565	3009
dme00565	30503
dme00565	32699
dme00565	33116
dme00565	43345
dme00565	6016
dme00565	6718
dme00565	7149
dme00565	8440
dme00565	8804
dme00565	8805
dme00565	8962
dme00565	9248
dme00590	10602
dme00590	11124
dme00590	12013
dme00590	14507
dme00590	1492
dme00590	15116
dme00590	1583
dme00590	16817
dme00590	17035
dme00590	17636
dme00590	3009
dme00590	30503
dme00590	4086
dme00590	4829
dme00590	6461
dme00590	6718
dme00590	8938
dme00592	11124
dme00592	14507
dme00592	1583
dme00592	17035
dme00592	17544
dme00592	3009
dme00592	30503
dme00592	4586
dme00592	5009
dme00592	6718
dme00592	9527
dme00592	9707
dme00592	9709
dme00600	10425
dme00600	11425
dme00600	11426
dme00600	11437
dme00600	11438
dme00600	11440
dme00600	12034
dme00600	12746
dme00600	13969
dme00600	1471
dme00600	16708
dme00600	1747
dme00600	31148
dme00600	3132
dme00600	31414
dme00600	32484
dme00600	33090
dme00600	3376
dme00600	3576
dme00600	4016
dme00600	4162
dme00600	6437
dme00600	6962
dme00600	7997
dme00600	8804
dme00600	8805
dme00600	8946
dme00600	9078
dme00600	9092
dme00601	17223
dme00601	30036
dme00601	30037
dme00601	33145
dme00601	5878
dme00603	1318
dme00603	17223
dme00603	1787
dme00603	5731
dme00603	5878
dme00603	7997
dme00604	1318
dme00604	1787
dme00604	3132
dme00604	9092
dme00604	9706
dme00620	10120
dme00620	10160
dme00620	10748
dme00620	10749
dme00620	10924
dme00620	10932
dme00620	10970
dme00620	11052
dme00620	11198
dme00620	11249
dme00620	11876
dme00620	12229
dme00620	1236
dme00620	13334
dme00620	14022
dme00620	1516
dme00620	16870
dme00620	1707
dme00620	17725
dme00620	18371
dme00620	18505
dme00620	2964
dme00620	31075
dme00620	31874
dme00620	34161
dme00620	3752
dme00620	4094
dme00620	4095
dme00620	4365
dme00620	5261
dme00620	5362
dme00620	5889
dme00620	6140
dme00620	7010
dme00620	7024
dme00620	7069
dme00620	7070
dme00620	7362
dme00620	7430
dme00620	7848
dme00620	7964
dme00620	7969
dme00620	7998
dme00620	9149
dme00620	9390
dme00620	9629
dme00630	10748
dme00630	10749
dme00630	10932
dme00630	11291
dme00630	1236
dme00630	14740
dme00630	1743
dme00630	18003
dme00630	2227
dme00630	2718
dme00630	3011
dme00630	32487
dme00630	32488
dme00630	3861
dme00630	3926
dme00630	3999
dme00630	4706
dme00630	4900
dme00630	5362
dme00630	5567
dme00630	5577
dme00630	6342
dme00630	6415
dme00630	6871
dme00630	7430
dme00630	7758
dme00630	7998
dme00630	9149
dme00630	9244
dme00630	9314
dme00630	9542
dme00630	9886
dme00640	10160
dme00640	10622
dme00640	1065
dme00640	10932
dme00640	11198
dme00640	11963
dme00640	12262
dme00640	13334
dme00640	17691
dme00640	17896
dme00640	4389
dme00640	5044
dme00640	5599
dme00640	6255
dme00640	6432
dme00640	6543
dme00640	7430
dme00640	7433
dme00640	8199
dme00640	9149
dme00640	9390
dme00650	10399
dme00650	10639
dme00650	10932
dme00650	1140
dme00650	12068
dme00650	13377
dme00650	14994
dme00650	4311
dme00650	4389
dme00650	4685
dme00650	4703
dme00650	4860
dme00650	6543
dme00650	7433
dme00650	7811
dme00650	9149
dme00670	11089
dme00670	14887
dme00670	1750
dme00670	18466
dme00670	3011
dme00670	31628
dme00670	3181
dme00670	34424
dme00670	4067
dme00670	6415
dme00670	7560
dme00670	8665
dme00730	10581
dme00730	10592
dme00730	10827
dme00730	12264
dme00730	1462
dme00730	14721
dme00730	16771
dme00730	17146
dme00730	1809
dme00730	3140
dme00730	31469
dme00730	3264
dme00730	3290
dme00730	3292
dme00730	33747
dme00730	33748
dme00730	5150
dme00730	5361
dme00730	5656
dme00730	8105
dme00730	8147
dme00740	16848
dme00740	2846
dme00740	31469
dme00740	33747
dme00740	33748
dme00740	4407
dme00740	6656
dme00740	7899
dme00750	11899
dme00750	12237
dme00750	14212
dme00750	31472
dme00750	31473
dme00750	34455
dme00760	11883
dme00760	13645
dme00760	16758
dme00760	18128
dme00760	30103
dme00760	30104
dme00760	32549
dme00760	33156
dme00760	3362
dme00760	3714
dme00760	42249
dme00760	4827
dme00760	6145
dme00760	8080
dme00760	9940
dme00770	10575
dme00770	1411
dme00770	1673
dme00770	2194
dme00770	3027
dme00770	30290
dme00770	32099
dme00770	5629
dme00770	5725
dme00770	5828
dme00780	12170
dme00780	14670
dme00780	32754
dme00785	44243
dme00785	5231
dme00785	9804
dme00790	10238
dme00790	10592
dme00790	10827
dme00790	12116
dme00790	12117
dme00790	1462
dme00790	14887
dme00790	16771
dme00790	16784
dme00790	1692
dme00790	1809
dme00790	2543
dme00790	2945
dme00790	31773
dme00790	32155
dme00790	3264
dme00790	3290
dme00790	3292
dme00790	33048
dme00790	4665
dme00790	5150
dme00790	5361
dme00790	5656
dme00790	6673
dme00790	6776
dme00790	6781
dme00790	8105
dme00790	8147
dme00790	9441
dme00830	10178
dme00830	10672
dme00830	11012
dme00830	11289
dme00830	13270
dme00830	13271
dme00830	15629
dme00830	15661
dme00830	15902
dme00830	17200
dme00830	17322
dme00830	17323
dme00830	17324
dme00830	17932
dme00830	2788
dme00830	31002
dme00830	31991
dme00830	3481
dme00830	3797
dme00830	4302
dme00830	4414
dme00830	4772
dme00830	5724
dme00830	5999
dme00830	6475
dme00830	6598
dme00830	6633
dme00830	6644
dme00830	6649
dme00830	6653
dme00830	6658
dme00830	8652
dme00830	9265
dme00830	9481
dme00860	10178
dme00860	10335
dme00860	11012
dme00860	11289
dme00860	13270
dme00860	13271
dme00860	14716
dme00860	15117
dme00860	15661
dme00860	15902
dme00860	17200
dme00860	17322
dme00860	17323
dme00860	17324
dme00860	17932
dme00860	1818
dme00860	1885
dme00860	2098
dme00860	2135
dme00860	2788
dme00860	3017
dme00860	31002
dme00860	3433
dme00860	3797
dme00860	3803
dme00860	4302
dme00860	4414
dme00860	4573
dme00860	4772
dme00860	5037
dme00860	5394
dme00860	5724
dme00860	5796
dme00860	5999
dme00860	6022
dme00860	6475
dme00860	6633
dme00860	6644
dme00860	6649
dme00860	6653
dme00860	6658
dme00860	8652
dme00860	8971
dme00860	9165
dme00860	9481
dme00900	10268
dme00900	10367
dme00900	10585
dme00900	10778
dme00900	10932
dme00900	11268
dme00900	12389
dme00900	17565
dme00900	2976
dme00900	31005
dme00900	33671
dme00900	4311
dme00900	4775
dme00900	4852
dme00900	5919
dme00900	8239
dme00900	8593
dme00900	9000
dme00900	9149
dme00900	9360
dme00910	10899
dme00910	11284
dme00910	11967
dme00910	12309
dme00910	1743
dme00910	18672
dme00910	18673
dme00910	2718
dme00910	3669
dme00910	3940
dme00910	4434
dme00910	5320
dme00910	5379
dme00910	6074
dme00910	6906
dme00910	7820
dme00910	9235
dme00910	9674
dme00920	12279
dme00920	13263
dme00920	14997
dme00920	15743
dme00920	17903
dme00920	30022
dme00920	30023
dme00920	7280
dme00920	7789
dme00920	8363
dme00970	10092
dme00970	10506
dme00970	10687
dme00970	11471
dme00970	12141
dme00970	12186
dme00970	12788
dme00970	13348
dme00970	13391
dme00970	1427
dme00970	15100
dme00970	16912
dme00970	17259
dme00970	1750
dme00970	2263
dme00970	31133
dme00970	31322
dme00970	31739
dme00970	33123
dme00970	33649
dme00970	3821
dme00970	4062
dme00970	4561
dme00970	4573
dme00970	4633
dme00970	4938
dme00970	5353
dme00970	5394
dme00970	5414
dme00970	5463
dme00970	5660
dme00970	5706
dme00970	6007
dme00970	6335
dme00970	6778
dme00970	6796
dme00970	7441
dme00970	7479
dme00970	8257
dme00970	8431
dme00970	9020
dme00970	9735
dme00970	dme:trnA
dme00970	dme:trnC
dme00970	dme:trnD
dme00970	dme:trnE
dme00970	dme:trnF
dme00970	dme:trnG
dme00970	dme:trnH
dme00970	dme:trnI
dme00970	dme:trnK
dme00970	dme:trnL1
dme00970	dme:trnL2
dme00970	dme:trnM
dme00970	dme:trnN
dme00970	dme:trnP
dme00970	dme:trnQ
dme00970	dme:trnR
dme00970	dme:trnS1
dme00970	dme:trnS2
dme00970	dme:trnT
dme00970	dme:trnV
dme00970	dme:trnW
dme00970	dme:trnY
dme00980	10045
dme00980	10091
dme00980	10178
dme00980	11012
dme00980	11140
dme00980	11289
dme00980	11512
dme00980	11784
dme00980	12242
dme00980	13270
dme00980	13271
dme00980	13280
dme00980	15661
dme00980	15902
dme00980	1681
dme00980	16936
dme00980	1702
dme00980	17200
dme00980	17322
dme00980	17323
dme00980	17324
dme00980	1742
dme00980	17522
dme00980	17523
dme00980	17524
dme00980	17525
dme00980	17527
dme00980	17530
dme00980	17531
dme00980	17533
dme00980	17534
dme00980	17639
dme00980	17932
dme00980	18548
dme00980	2788
dme00980	30000
dme00980	30005
dme00980	31002
dme00980	33177
dme00980	33178
dme00980	33546
dme00980	3481
dme00980	3597
dme00980	3609
dme00980	3797
dme00980	4181
dme00980	4302
dme00980	4371
dme00980	4381
dme00980	4414
dme00980	4421
dme00980	4423
dme00980	4688
dme00980	4772
dme00980	5164
dme00980	5224
dme00980	5724
dme00980	5999
dme00980	6475
dme00980	6598
dme00980	6633
dme00980	6644
dme00980	6649
dme00980	6653
dme00980	6658
dme00980	6662
dme00980	8652
dme00980	8938
dme00980	9481
dme00981	10352
dme00981	10594
dme00981	12028
dme00981	13478
dme00981	14728
dme00981	15101
dme00981	15102
dme00981	15106
dme00981	15739
dme00981	17330
dme00981	2680
dme00981	31075
dme00981	3752
dme00981	40050
dme00981	41624
dme00981	6578
dme00981	6816
dme00981	8425
dme00981	9360
dme00981	9504
dme00982	10045
dme00982	10091
dme00982	10178
dme00982	11012
dme00982	11140
dme00982	11289
dme00982	11512
dme00982	11784
dme00982	12242
dme00982	13270
dme00982	13271
dme00982	13611
dme00982	15661
dme00982	15902
dme00982	1681
dme00982	16936
dme00982	1702
dme00982	17200
dme00982	17322
dme00982	17323
dme00982	17324
dme00982	1742
dme00982	17522
dme00982	17523
dme00982	17524
dme00982	17525
dme00982	17527
dme00982	17530
dme00982	17531
dme00982	17533
dme00982	17534
dme00982	17639
dme00982	17932
dme00982	18548
dme00982	2788
dme00982	30000
dme00982	30005
dme00982	3006
dme00982	31002
dme00982	33177
dme00982	33178
dme00982	33546
dme00982	3481
dme00982	3797
dme00982	4181
dme00982	4302
dme00982	4371
dme00982	4381
dme00982	4414
dme00982	4421
dme00982	4423
dme00982	4688
dme00982	4772
dme00982	5164
dme00982	5224
dme00982	5724
dme00982	5999
dme00982	6475
dme00982	6598
dme00982	6633
dme00982	6644
dme00982	6649
dme00982	6653
dme00982	6658
dme00982	6662
dme00982	8652
dme00982	8938
dme00982	9481
dme00983	10178
dme00983	11012
dme00983	11289
dme00983	13270
dme00983	13271
dme00983	1411
dme00983	15117
dme00983	15661
dme00983	15902
dme00983	17148
dme00983	17200
dme00983	17224
dme00983	17322
dme00983	17323
dme00983	17324
dme00983	17932
dme00983	1799
dme00983	18516
dme00983	18519
dme00983	18522
dme00983	2135
dme00983	2194
dme00983	2505
dme00983	2788
dme00983	3027
dme00983	31002
dme00983	34139
dme00983	3593
dme00983	3788
dme00983	3797
dme00983	3841
dme00983	4302
dme00983	4414
dme00983	4772
dme00983	4798
dme00983	5724
dme00983	5999
dme00983	6045
dme00983	6330
dme00983	6364
dme00983	6475
dme00983	6633
dme00983	6644
dme00983	6649
dme00983	6653
dme00983	6658
dme00983	6917
dme00983	7642
dme00983	8349
dme00983	8353
dme00983	8360
dme00983	8652
dme00983	8891
dme00983	9242
dme00983	9481
dme01040	10849
dme01040	1444
dme01040	15531
dme01040	17544
dme01040	3971
dme01040	4389
dme01040	4586
dme01040	5009
dme01040	5887
dme01040	5925
dme01040	6746
dme01040	7923
dme01040	8630
dme01040	9267
dme01040	9527
dme01040	9707
dme01040	9709
dme01040	9743
dme01040	9747
dme01100	dme:ATP6
dme01100	dme:ATP8
dme01100	dme:COX1
dme01100	dme:COX2
dme01100	dme:COX3
dme01100	dme:CYTB
dme01100	10000
dme01100	10072
dme01100	10078
dme01100	10117
dme01100	10118
dme01100	10120
dme01100	10122
dme01100	10131
dme01100	10143
dme01100	10160
dme01100	10166
dme01100	10178
dme01100	10184
dme01100	10202
dme01100	10219
dme01100	10236
dme01100	10238
dme01100	10253
dme01100	10260
dme01100	10268
dme01100	10320
dme01100	10335
dme01100	10367
dme01100	10396
dme01100	10399
dme01100	10425
dme01100	10426
dme01100	10467
dme01100	10489
dme01100	1049
dme01100	10506
dme01100	10531
dme01100	10575
dme01100	10581
dme01100	10592
dme01100	10602
dme01100	10621
dme01100	10622
dme01100	10623
dme01100	10627
dme01100	10638
dme01100	1065
dme01100	10664
dme01100	10672
dme01100	10685
dme01100	10688
dme01100	10697
dme01100	10748
dme01100	10749
dme01100	1076
dme01100	10827
dme01100	10863
dme01100	1088
dme01100	10924
dme01100	10932
dme01100	10996
dme01100	11012
dme01100	11015
dme01100	11043
dme01100	11089
dme01100	11124
dme01100	11134
dme01100	11140
dme01100	11143
dme01100	11154
dme01100	11190
dme01100	11198
dme01100	11236
dme01100	11241
dme01100	11246
dme01100	11249
dme01100	11255
dme01100	11289
dme01100	1129
dme01100	11291
dme01100	11301
dme01100	11306
dme01100	11334
dme01100	11423
dme01100	11425
dme01100	11426
dme01100	11437
dme01100	11438
dme01100	11440
dme01100	11455
dme01100	1152
dme01100	11589
dme01100	11621
dme01100	1163
dme01100	11654
dme01100	11661
dme01100	11669
dme01100	11765
dme01100	11780
dme01100	11796
dme01100	11811
dme01100	11828
dme01100	11833
dme01100	11851
dme01100	11874
dme01100	11876
dme01100	11883
dme01100	11899
dme01100	11909
dme01100	11913
dme01100	11951
dme01100	11956
dme01100	11963
dme01100	11979
dme01100	11994
dme01100	12006
dme01100	12014
dme01100	12018
dme01100	12030
dme01100	12034
dme01100	12055
dme01100	12068
dme01100	12077
dme01100	12079
dme01100	12108
dme01100	12110
dme01100	12116
dme01100	12117
dme01100	1216
dme01100	12170
dme01100	12173
dme01100	12203
dme01100	12229
dme01100	12233
dme01100	12237
dme01100	12262
dme01100	12263
dme01100	12264
dme01100	12267
dme01100	12279
dme01100	12289
dme01100	12311
dme01100	1236
dme01100	12389
dme01100	12398
dme01100	12400
dme01100	12403
dme01100	12405
dme01100	12449
dme01100	12529
dme01100	12602
dme01100	1268
dme01100	12746
dme01100	12766
dme01100	12859
dme01100	1291
dme01100	12913
dme01100	13089
dme01100	1315
dme01100	13167
dme01100	1318
dme01100	13240
dme01100	13263
dme01100	13270
dme01100	13271
dme01100	13334
dme01100	13340
dme01100	13377
dme01100	13393
dme01100	13397
dme01100	13399
dme01100	13418
dme01100	13431
dme01100	1345
dme01100	13611
dme01100	13628
dme01100	13645
dme01100	13688
dme01100	13773
dme01100	13969
dme01100	14028
dme01100	14077
dme01100	1411
dme01100	1417
dme01100	14212
dme01100	14235
dme01100	14291
dme01100	14437
dme01100	1444
dme01100	14463
dme01100	14476
dme01100	14482
dme01100	14507
dme01100	14508
dme01100	14512
dme01100	14516
dme01100	14550
dme01100	1461
dme01100	1462
dme01100	14670
dme01100	1471
dme01100	14716
dme01100	14721
dme01100	14724
dme01100	14740
dme01100	14887
dme01100	14909
dme01100	1492
dme01100	14934
dme01100	14935
dme01100	14993
dme01100	14994
dme01100	15093
dme01100	15110
dme01100	15117
dme01100	1516
dme01100	1518
dme01100	15400
dme01100	1543
dme01100	15434
dme01100	15450
dme01100	1546
dme01100	15539
dme01100	1554
dme01100	15547
dme01100	1555
dme01100	15651
dme01100	15661
dme01100	15719
dme01100	15743
dme01100	15771
dme01100	1583
dme01100	15864
dme01100	15902
dme01100	1597
dme01100	1640
dme01100	1673
dme01100	16758
dme01100	16771
dme01100	16784
dme01100	16817
dme01100	16848
dme01100	16935
dme01100	17026
dme01100	17027
dme01100	17028
dme01100	17029
dme01100	17035
dme01100	1709
dme01100	17146
dme01100	17148
dme01100	17173
dme01100	17200
dme01100	17209
dme01100	1721
dme01100	17223
dme01100	17224
dme01100	17246
dme01100	17273
dme01100	17280
dme01100	17320
dme01100	17322
dme01100	17323
dme01100	17324
dme01100	17332
dme01100	17333
dme01100	17337
dme01100	17369
dme01100	17374
dme01100	1743
dme01100	1746
dme01100	1747
dme01100	17471
dme01100	1753
dme01100	17544
dme01100	17597
dme01100	17636
dme01100	17645
dme01100	17654
dme01100	17691
dme01100	17725
dme01100	17856
dme01100	1787
dme01100	17876
dme01100	17896
dme01100	17903
dme01100	17932
dme01100	1799
dme01100	18003
dme01100	18012
dme01100	1809
dme01100	18104
dme01100	18128
dme01100	18140
dme01100	18143
dme01100	18173
dme01100	1818
dme01100	18231
dme01100	18278
dme01100	18315
dme01100	18330
dme01100	18369
dme01100	18374
dme01100	18466
dme01100	1851
dme01100	18516
dme01100	18519
dme01100	18522
dme01100	18572
dme01100	18600
dme01100	18617
dme01100	18624
dme01100	1869
dme01100	18730
dme01100	18749
dme01100	18802
dme01100	1885
dme01100	1925
dme01100	1970
dme01100	1982
dme01100	1998
dme01100	2014
dme01100	2054
dme01100	2098
dme01100	2103
dme01100	2111
dme01100	2118
dme01100	2135
dme01100	2155
dme01100	2171
dme01100	2194
dme01100	2201
dme01100	2210
dme01100	2227
dme01100	2249
dme01100	2259
dme01100	2286
dme01100	2292
dme01100	2448
dme01100	2453
dme01100	2505
dme01100	2543
dme01100	2674
dme01100	2718
dme01100	2767
dme01100	2788
dme01100	2827
dme01100	2846
dme01100	2867
dme01100	2929
dme01100	2934
dme01100	2945
dme01100	2964
dme01100	2968
dme01100	2975
dme01100	2983
dme01100	3001
dme01100	30016
dme01100	30036
dme01100	30037
dme01100	30059
dme01100	3009
dme01100	30093
dme01100	30103
dme01100	30104
dme01100	3011
dme01100	3017
dme01100	3027
dme01100	3028
dme01100	30290
dme01100	30293
dme01100	30295
dme01100	30329
dme01100	3033
dme01100	30354
dme01100	30381
dme01100	30410
dme01100	3044
dme01100	30463
dme01100	30499
dme01100	30503
dme01100	3083
dme01100	31002
dme01100	31013
dme01100	31014
dme01100	31015
dme01100	31016
dme01100	31017
dme01100	31021
dme01100	31022
dme01100	31075
dme01100	31115
dme01100	31140
dme01100	31148
dme01100	31155
dme01100	3119
dme01100	31202
dme01100	31233
dme01100	3127
dme01100	3132
dme01100	31343
dme01100	31381
dme01100	3140
dme01100	31414
dme01100	31445
dme01100	31469
dme01100	31472
dme01100	31473
dme01100	31477
dme01100	31524
dme01100	3160
dme01100	3161
dme01100	31628
dme01100	31644
dme01100	31648
dme01100	31651
dme01100	31692
dme01100	31751
dme01100	31773
dme01100	31776
dme01100	3180
dme01100	3181
dme01100	31849
dme01100	31873
dme01100	31874
dme01100	3192
dme01100	3194
dme01100	31956
dme01100	31991
dme01100	32026
dme01100	32063
dme01100	32064
dme01100	32068
dme01100	32076
dme01100	32089
dme01100	3209
dme01100	32090
dme01100	3214
dme01100	32178
dme01100	32199
dme01100	32201
dme01100	32230
dme01100	32300
dme01100	32351
dme01100	32444
dme01100	32445
dme01100	32484
dme01100	32487
dme01100	32488
dme01100	3253
dme01100	3254
dme01100	32549
dme01100	32578
dme01100	32626
dme01100	3264
dme01100	3267
dme01100	32699
dme01100	32754
dme01100	32775
dme01100	3283
dme01100	3284
dme01100	32849
dme01100	3290
dme01100	3292
dme01100	33048
dme01100	33051
dme01100	33090
dme01100	33102
dme01100	33116
dme01100	33138
dme01100	33145
dme01100	33156
dme01100	3318
dme01100	3321
dme01100	33303
dme01100	33486
dme01100	3362
dme01100	33649
dme01100	33650
dme01100	33671
dme01100	33747
dme01100	33748
dme01100	3376
dme01100	33785
dme01100	33791
dme01100	33977
dme01100	34056
dme01100	34057
dme01100	34139
dme01100	3415
dme01100	34186
dme01100	3433
dme01100	34345
dme01100	34361
dme01100	34384
dme01100	34424
dme01100	34439
dme01100	34451
dme01100	34452
dme01100	34455
dme01100	3446
dme01100	3454
dme01100	3481
dme01100	3483
dme01100	3495
dme01100	3502
dme01100	3523
dme01100	3524
dme01100	3525
dme01100	3530
dme01100	3534
dme01100	3560
dme01100	3573
dme01100	3576
dme01100	3590
dme01100	3593
dme01100	3603
dme01100	3612
dme01100	3620
dme01100	3621
dme01100	3632
dme01100	3682
dme01100	3683
dme01100	3705
dme01100	3714
dme01100	3724
dme01100	3752
dme01100	3756
dme01100	3762
dme01100	3788
dme01100	3797
dme01100	3803
dme01100	3809
dme01100	3812
dme01100	3861
dme01100	3902
dme01100	3926
dme01100	3944
dme01100	3961
dme01100	3975
dme01100	3986
dme01100	3989
dme01100	3999
dme01100	40002
dme01100	4001
dme01100	40064
dme01100	4016
dme01100	4026
dme01100	40305
dme01100	4033
dme01100	40472
dme01100	4067
dme01100	4084
dme01100	4086
dme01100	4094
dme01100	4095
dme01100	4104
dme01100	4123
dme01100	4162
dme01100	41623
dme01100	4169
dme01100	4174
dme01100	4200
dme01100	42249
dme01100	42271
dme01100	42275
dme01100	42283
dme01100	4233
dme01100	42456
dme01100	42639
dme01100	42640
dme01100	42667
dme01100	42708
dme01100	4300
dme01100	4302
dme01100	4307
dme01100	4311
dme01100	4317
dme01100	43206
dme01100	43313
dme01100	43345
dme01100	43374
dme01100	4347
dme01100	43662
dme01100	43663
dme01100	4389
dme01100	4406
dme01100	4407
dme01100	4412
dme01100	4414
dme01100	44239
dme01100	44243
dme01100	44244
dme01100	44255
dme01100	44296
dme01100	4433
dme01100	4434
dme01100	4439
dme01100	4445
dme01100	4500
dme01100	4501
dme01100	45017
dme01100	45070
dme01100	4542
dme01100	4573
dme01100	4574
dme01100	4581
dme01100	4584
dme01100	4586
dme01100	4600
dme01100	4624
dme01100	4649
dme01100	4665
dme01100	4685
dme01100	4692
dme01100	4703
dme01100	4706
dme01100	4729
dme01100	4747
dme01100	4750
dme01100	4753
dme01100	4769
dme01100	4772
dme01100	4774
dme01100	4779
dme01100	4798
dme01100	4802
dme01100	4825
dme01100	4827
dme01100	4829
dme01100	4851
dme01100	4860
dme01100	4871
dme01100	4900
dme01100	4919
dme01100	4988
dme01100	5009
dme01100	5025
dme01100	5028
dme01100	5029
dme01100	5037
dme01100	5044
dme01100	5075
dme01100	5091
dme01100	5103
dme01100	5147
dme01100	5150
dme01100	5165
dme01100	5171
dme01100	5177
dme01100	5214
dme01100	5231
dme01100	5232
dme01100	5261
dme01100	5287
dme01100	5310
dme01100	5320
dme01100	5345
dme01100	5361
dme01100	5362
dme01100	5371
dme01100	5373
dme01100	5380
dme01100	5389
dme01100	5394
dme01100	5432
dme01100	5463
dme01100	5493
dme01100	5508
dme01100	5537
dme01100	5547
dme01100	5548
dme01100	5553
dme01100	5567
dme01100	5577
dme01100	5599
dme01100	5618
dme01100	5629
dme01100	5656
dme01100	5703
dme01100	5718
dme01100	5724
dme01100	5725
dme01100	5757
dme01100	5793
dme01100	5796
dme01100	5828
dme01100	5840
dme01100	5878
dme01100	5889
dme01100	5919
dme01100	5923
dme01100	5949
dme01100	5966
dme01100	5991
dme01100	5992
dme01100	5998
dme01100	5999
dme01100	6007
dme01100	6008
dme01100	6009
dme01100	6016
dme01100	6020
dme01100	6030
dme01100	6045
dme01100	6058
dme01100	6083
dme01100	6084
dme01100	6092
dme01100	6097
dme01100	6105
dme01100	6106
dme01100	6140
dme01100	6145
dme01100	6201
dme01100	6213
dme01100	6218
dme01100	6255
dme01100	6262
dme01100	6287
dme01100	6308
dme01100	6330
dme01100	6342
dme01100	6343
dme01100	6349
dme01100	6364
dme01100	6370
dme01100	6372
dme01100	6385
dme01100	6394
dme01100	6401
dme01100	6415
dme01100	6432
dme01100	6437
dme01100	6439
dme01100	6461
dme01100	6463
dme01100	6465
dme01100	6475
dme01100	6485
dme01100	6542
dme01100	6543
dme01100	6562
dme01100	6598
dme01100	6629
dme01100	6633
dme01100	6638
dme01100	6644
dme01100	6649
dme01100	6650
dme01100	6653
dme01100	6656
dme01100	6658
dme01100	6661
dme01100	6666
dme01100	6713
dme01100	6718
dme01100	6726
dme01100	6737
dme01100	6738
dme01100	6753
dme01100	6767
dme01100	6768
dme01100	6805
dme01100	6835
dme01100	6840
dme01100	6847
dme01100	6869
dme01100	6903
dme01100	6904
dme01100	6914
dme01100	6917
dme01100	6950
dme01100	6951
dme01100	6957
dme01100	6962
dme01100	7004
dme01100	7007
dme01100	7010
dme01100	7024
dme01100	7026
dme01100	7069
dme01100	7070
dme01100	7108
dme01100	7113
dme01100	7140
dme01100	7144
dme01100	7145
dme01100	7149
dme01100	7171
dme01100	7176
dme01100	7181
dme01100	7211
dme01100	7254
dme01100	7277
dme01100	7280
dme01100	7297
dme01100	7304
dme01100	7322
dme01100	7328
dme01100	7329
dme01100	7335
dme01100	7339
dme01100	7349
dme01100	7361
dme01100	7362
dme01100	7399
dme01100	7402
dme01100	7430
dme01100	7433
dme01100	7440
dme01100	7461
dme01100	7470
dme01100	7480
dme01100	7550
dme01100	7551
dme01100	7560
dme01100	7579
dme01100	7580
dme01100	7610
dme01100	7625
dme01100	7642
dme01100	7678
dme01100	7685
dme01100	7712
dme01100	7718
dme01100	7724
dme01100	7748
dme01100	7758
dme01100	7789
dme01100	7811
dme01100	7830
dme01100	7842
dme01100	7848
dme01100	7870
dme01100	7885
dme01100	7899
dme01100	7921
dme01100	7962
dme01100	7964
dme01100	7969
dme01100	7979
dme01100	7985
dme01100	7995
dme01100	7998
dme01100	8029
dme01100	8036
dme01100	8048
dme01100	8073
dme01100	8080
dme01100	8093
dme01100	8094
dme01100	8102
dme01100	8105
dme01100	8129
dme01100	8147
dme01100	8182
dme01100	8186
dme01100	8189
dme01100	8199
dme01100	8207
dme01100	8210
dme01100	8221
dme01100	8239
dme01100	8251
dme01100	8298
dme01100	8310
dme01100	8311
dme01100	8322
dme01100	8327
dme01100	8339
dme01100	8344
dme01100	8349
dme01100	8353
dme01100	8360
dme01100	8362
dme01100	8363
dme01100	8412
dme01100	8417
dme01100	8430
dme01100	8433
dme01100	8440
dme01100	8553
dme01100	8593
dme01100	8646
dme01100	8652
dme01100	8657
dme01100	8680
dme01100	8690
dme01100	8693
dme01100	8694
dme01100	8695
dme01100	8696
dme01100	8708
dme01100	8709
dme01100	8719
dme01100	8721
dme01100	8732
dme01100	8734
dme01100	8745
dme01100	8764
dme01100	8778
dme01100	8782
dme01100	8804
dme01100	8805
dme01100	8816
dme01100	8824
dme01100	8844
dme01100	8890
dme01100	8891
dme01100	8893
dme01100	8938
dme01100	8946
dme01100	8956
dme01100	8962
dme01100	8975
dme01100	8987
dme01100	9008
dme01100	9010
dme01100	9013
dme01100	9022
dme01100	9032
dme01100	9065
dme01100	9078
dme01100	9092
dme01100	9115
dme01100	9122
dme01100	9127
dme01100	9140
dme01100	9149
dme01100	9160
dme01100	9165
dme01100	9172
dme01100	9220
dme01100	9232
dme01100	9242
dme01100	9244
dme01100	9245
dme01100	9248
dme01100	9249
dme01100	9285
dme01100	9306
dme01100	9307
dme01100	9319
dme01100	9345
dme01100	9350
dme01100	9357
dme01100	9362
dme01100	9363
dme01100	9364
dme01100	9376
dme01100	9384
dme01100	9389
dme01100	9390
dme01100	9391
dme01100	9436
dme01100	9441
dme01100	9481
dme01100	9485
dme01100	9510
dme01100	9514
dme01100	9520
dme01100	9527
dme01100	9535
dme01100	9542
dme01100	9547
dme01100	9613
dme01100	9621
dme01100	9629
dme01100	9674
dme01100	9698
dme01100	9706
dme01100	9707
dme01100	9709
dme01100	9720
dme01100	9726
dme01100	9728
dme01100	9741
dme01100	9762
dme01100	9784
dme01100	9804
dme01100	9806
dme01100	9865
dme01100	9870
dme01100	9886
dme01100	9914
dme01100	9940
dme01100	9961
dme01100	9977
dme01100	9985
dme01100	dme:ND1
dme01100	dme:ND2
dme01100	dme:ND3
dme01100	dme:ND4
dme01100	dme:ND4L
dme01100	dme:ND5
dme01100	dme:ND6
dme01200	10120
dme01200	10219
dme01200	10622
dme01200	1065
dme01200	10748
dme01200	10749
dme01200	10932
dme01200	11249
dme01200	11291
dme01200	11661
dme01200	11876
dme01200	11899
dme01200	11963
dme01200	12055
dme01200	12229
dme01200	12233
dme01200	12262
dme01200	12529
dme01200	14740
dme01200	1516
dme01200	1640
dme01200	1721
dme01200	17246
dme01200	17333
dme01200	17645
dme01200	17654
dme01200	17896
dme01200	18003
dme01200	2171
dme01200	2827
dme01200	2964
dme01200	3001
dme01200	3011
dme01200	30410
dme01200	30499
dme01200	3127
dme01200	31692
dme01200	31874
dme01200	32026
dme01200	32487
dme01200	32488
dme01200	3283
dme01200	32849
dme01200	33102
dme01200	33791
dme01200	3483
dme01200	3705
dme01200	3724
dme01200	3861
dme01200	3926
dme01200	3999
dme01200	4001
dme01200	4094
dme01200	4095
dme01200	4233
dme01200	4389
dme01200	4390
dme01200	4434
dme01200	4703
dme01200	4706
dme01200	4860
dme01200	4900
dme01200	5028
dme01200	5044
dme01200	5103
dme01200	5214
dme01200	5261
dme01200	5320
dme01200	5362
dme01200	5432
dme01200	5567
dme01200	5577
dme01200	5718
dme01200	5889
dme01200	6058
dme01200	6140
dme01200	6255
dme01200	6287
dme01200	6342
dme01200	6415
dme01200	6439
dme01200	6543
dme01200	6598
dme01200	6629
dme01200	6650
dme01200	6666
dme01200	6767
dme01200	6871
dme01200	7010
dme01200	7024
dme01200	7069
dme01200	7070
dme01200	7140
dme01200	7176
dme01200	7349
dme01200	7362
dme01200	7430
dme01200	7560
dme01200	7848
dme01200	7964
dme01200	7969
dme01200	7998
dme01200	8036
dme01200	8094
dme01200	8129
dme01200	8251
dme01200	8430
dme01200	8893
dme01200	9010
dme01200	9149
dme01200	9244
dme01200	9314
dme01200	9390
dme01200	9886
dme01200	9961
dme01210	12233
dme01210	14740
dme01210	1640
dme01210	1673
dme01210	32026
dme01210	3483
dme01210	3861
dme01210	4233
dme01210	4706
dme01210	4900
dme01210	5028
dme01210	6342
dme01210	6439
dme01210	6465
dme01210	6726
dme01210	6738
dme01210	7176
dme01210	8430
dme01210	9244
dme01212	10849
dme01212	10932
dme01212	11198
dme01212	12108
dme01212	12170
dme01212	12262
dme01212	12891
dme01212	1444
dme01212	15531
dme01212	16935
dme01212	17374
dme01212	17544
dme01212	2107
dme01212	3523
dme01212	3524
dme01212	3902
dme01212	3961
dme01212	3971
dme01212	4389
dme01212	4500
dme01212	4501
dme01212	4581
dme01212	4586
dme01212	4600
dme01212	4703
dme01212	4851
dme01212	4860
dme01212	5009
dme01212	5887
dme01212	5925
dme01212	6543
dme01212	6746
dme01212	7461
dme01212	7842
dme01212	7923
dme01212	8630
dme01212	8732
dme01212	9149
dme01212	9267
dme01212	9527
dme01212	9707
dme01212	9709
dme01212	9743
dme01212	9747
dme01230	10184
dme01230	11249
dme01230	11899
dme01230	12055
dme01230	12229
dme01230	12233
dme01230	1315
dme01230	1461
dme01230	14740
dme01230	1516
dme01230	1640
dme01230	1673
dme01230	1721
dme01230	1743
dme01230	1753
dme01230	17645
dme01230	17654
dme01230	18104
dme01230	2171
dme01230	2674
dme01230	2718
dme01230	2827
dme01230	2964
dme01230	3011
dme01230	30410
dme01230	30499
dme01230	3127
dme01230	32026
dme01230	3483
dme01230	3705
dme01230	3861
dme01230	4001
dme01230	4233
dme01230	4706
dme01230	4900
dme01230	5028
dme01230	5103
dme01230	5345
dme01230	5432
dme01230	5840
dme01230	6009
dme01230	6058
dme01230	6287
dme01230	6342
dme01230	6439
dme01230	6465
dme01230	6726
dme01230	6738
dme01230	6767
dme01230	7069
dme01230	7070
dme01230	7176
dme01230	7362
dme01230	7399
dme01230	7470
dme01230	8036
dme01230	8129
dme01230	8430
dme01230	8893
dme01230	9010
dme01230	9244
dme01230	9510
dme01230	9629
dme01230	9674
dme01230	9961
dme02010	10181
dme02010	10226
dme02010	12703
dme02010	14709
dme02010	1718
dme02010	1824
dme02010	2316
dme02010	31213
dme02010	3156
dme02010	31792
dme02010	3879
dme02010	4225
dme02010	42816
dme02010	4562
dme02010	6052
dme02010	6214
dme02010	7627
dme02010	7806
dme02010	7955
dme02010	8523
dme02010	8799
dme02010	9270
dme03008	10206
dme03008	10214
dme03008	10354
dme03008	10805
dme03008	10909
dme03008	11130
dme03008	11606
dme03008	11660
dme03008	11859
dme03008	11920
dme03008	12050
dme03008	12301
dme03008	12325
dme03008	12752
dme03008	12785
dme03008	12877
dme03008	13097
dme03008	13185
dme03008	13387
dme03008	13591
dme03008	13849
dme03008	1404
dme03008	14057
dme03008	14788
dme03008	15224
dme03008	1664
dme03008	1671
dme03008	17520
dme03008	17611
dme03008	1994
dme03008	2972
dme03008	30349
dme03008	3071
dme03008	31501
dme03008	32135
dme03008	32616
dme03008	32763
dme03008	3291
dme03008	33158
dme03008	33236
dme03008	33237
dme03008	33238
dme03008	33239
dme03008	33240
dme03008	33241
dme03008	33242
dme03008	33243
dme03008	33244
dme03008	33245
dme03008	33246
dme03008	33247
dme03008	3333
dme03008	33931
dme03008	3460
dme03008	3527
dme03008	3949
dme03008	3983
dme03008	4038
dme03008	40635
dme03008	42398
dme03008	42666
dme03008	4539
dme03008	4806
dme03008	4866
dme03008	5018
dme03008	5258
dme03008	5776
dme03008	6501
dme03008	7246
dme03008	7637
dme03008	7728
dme03008	7815
dme03008	7989
dme03008	8038
dme03008	8064
dme03008	8368
dme03008	8549
dme03008	8571
dme03008	8730
dme03008	8801
dme03008	8816
dme03008	8914
dme03008	9107
dme03008	9422
dme03008	9799
dme03008	9888
dme03008	dme:Dmel_CR33353
dme03008	dme:Dmel_CR33354
dme03008	dme:Dmel_CR33355
dme03008	dme:Dmel_CR33357
dme03008	dme:Dmel_CR33358
dme03008	dme:Dmel_CR33359
dme03008	dme:Dmel_CR33360
dme03008	dme:Dmel_CR33361
dme03008	dme:Dmel_CR33362
dme03008	dme:Dmel_CR33364
dme03008	dme:Dmel_CR33365
dme03008	dme:Dmel_CR33366
dme03008	dme:Dmel_CR33367
dme03008	dme:Dmel_CR33368
dme03008	dme:Dmel_CR33369
dme03008	dme:Dmel_CR33370
dme03008	dme:Dmel_CR33372
dme03008	dme:Dmel_CR33373
dme03008	dme:Dmel_CR33374
dme03008	dme:Dmel_CR33375
dme03008	dme:Dmel_CR33376
dme03008	dme:Dmel_CR33377
dme03008	dme:Dmel_CR33378
dme03008	dme:Dmel_CR33379
dme03008	dme:Dmel_CR33380
dme03008	dme:Dmel_CR33381
dme03008	dme:Dmel_CR33382
dme03008	dme:Dmel_CR33383
dme03008	dme:Dmel_CR33384
dme03008	dme:Dmel_CR33385
dme03008	dme:Dmel_CR33386
dme03008	dme:Dmel_CR33387
dme03008	dme:Dmel_CR33388
dme03008	dme:Dmel_CR33389
dme03008	dme:Dmel_CR33390
dme03008	dme:Dmel_CR33391
dme03008	dme:Dmel_CR33392
dme03008	dme:Dmel_CR33393
dme03008	dme:Dmel_CR33394
dme03008	dme:Dmel_CR33395
dme03008	dme:Dmel_CR33396
dme03008	dme:Dmel_CR33397
dme03008	dme:Dmel_CR33398
dme03008	dme:Dmel_CR33399
dme03008	dme:Dmel_CR33400
dme03008	dme:Dmel_CR33401
dme03008	dme:Dmel_CR33402
dme03008	dme:Dmel_CR33403
dme03008	dme:Dmel_CR33404
dme03008	dme:Dmel_CR33405
dme03008	dme:Dmel_CR33406
dme03008	dme:Dmel_CR33407
dme03008	dme:Dmel_CR33408
dme03008	dme:Dmel_CR33409
dme03008	dme:Dmel_CR33410
dme03008	dme:Dmel_CR33411
dme03008	dme:Dmel_CR33412
dme03008	dme:Dmel_CR33413
dme03008	dme:Dmel_CR33414
dme03008	dme:Dmel_CR33415
dme03008	dme:Dmel_CR33417
dme03008	dme:Dmel_CR33418
dme03008	dme:Dmel_CR33419
dme03008	dme:Dmel_CR33420
dme03008	dme:Dmel_CR33421
dme03008	dme:Dmel_CR33422
dme03008	dme:Dmel_CR33423
dme03008	dme:Dmel_CR33424
dme03008	dme:Dmel_CR33425
dme03008	dme:Dmel_CR33426
dme03008	dme:Dmel_CR33427
dme03008	dme:Dmel_CR33428
dme03008	dme:Dmel_CR33429
dme03008	dme:Dmel_CR33430
dme03008	dme:Dmel_CR33431
dme03008	dme:Dmel_CR33432
dme03008	dme:Dmel_CR33433
dme03008	dme:Dmel_CR33434
dme03008	dme:Dmel_CR33435
dme03008	dme:Dmel_CR33436
dme03008	dme:Dmel_CR33437
dme03008	dme:Dmel_CR33438
dme03008	dme:Dmel_CR33439
dme03008	dme:Dmel_CR33440
dme03008	dme:Dmel_CR33441
dme03008	dme:Dmel_CR33442
dme03008	dme:Dmel_CR33443
dme03008	dme:Dmel_CR33444
dme03008	dme:Dmel_CR33445
dme03008	dme:Dmel_CR33446
dme03008	dme:Dmel_CR33447
dme03008	dme:Dmel_CR33448
dme03008	dme:Dmel_CR33449
dme03008	dme:Dmel_CR33450
dme03008	dme:Dmel_CR33451
dme03008	dme:Dmel_CR33452
dme03008	dme:Dmel_CR40454
dme03008	dme:Dmel_CR41548
dme03008	dme:Dmel_CR45838
dme03008	dme:Dmel_CR45839
dme03008	dme:Dmel_CR45841
dme03008	dme:Dmel_CR45842
dme03008	dme:Dmel_CR45844
dme03008	dme:Dmel_CR45852
dme03008	dme:lrRNA
dme03008	dme:srRNA
dme03010	10071
dme03010	10305
dme03010	10423
dme03010	10603
dme03010	10652
dme03010	10944
dme03010	11258
dme03010	11271
dme03010	11276
dme03010	11488
dme03010	11522
dme03010	12220
dme03010	12275
dme03010	12324
dme03010	12373
dme03010	1263
dme03010	12740
dme03010	12775
dme03010	1320
dme03010	13389
dme03010	13410
dme03010	13880
dme03010	14048
dme03010	14206
dme03010	1475
dme03010	14792
dme03010	15016
dme03010	1524
dme03010	1527
dme03010	15442
dme03010	15527
dme03010	15693
dme03010	15697
dme03010	17420
dme03010	17489
dme03010	17521
dme03010	18001
dme03010	1821
dme03010	18767
dme03010	1883
dme03010	2033
dme03010	2099
dme03010	2168
dme03010	2746
dme03010	2937
dme03010	2957
dme03010	2960
dme03010	2986
dme03010	2998
dme03010	30425
dme03010	3109
dme03010	31450
dme03010	31478
dme03010	3195
dme03010	3203
dme03010	32531
dme03010	32854
dme03010	33002
dme03010	3314
dme03010	3351
dme03010	3395
dme03010	34147
dme03010	34182
dme03010	3661
dme03010	3712
dme03010	3751
dme03010	3782
dme03010	3843
dme03010	3922
dme03010	3997
dme03010	4046
dme03010	4087
dme03010	4111
dme03010	4207
dme03010	4247
dme03010	4326
dme03010	4464
dme03010	4651
dme03010	4742
dme03010	4759
dme03010	4863
dme03010	4897
dme03010	4918
dme03010	5012
dme03010	5108
dme03010	5184
dme03010	5219
dme03010	5271
dme03010	5317
dme03010	5338
dme03010	5502
dme03010	5818
dme03010	5827
dme03010	5920
dme03010	6090
dme03010	6141
dme03010	6253
dme03010	6510
dme03010	6684
dme03010	6764
dme03010	6779
dme03010	6846
dme03010	7014
dme03010	7038
dme03010	7283
dme03010	7424
dme03010	7434
dme03010	7490
dme03010	7494
dme03010	7622
dme03010	7636
dme03010	7726
dme03010	7808
dme03010	7925
dme03010	7939
dme03010	7977
dme03010	8039
dme03010	8288
dme03010	8332
dme03010	8338
dme03010	8415
dme03010	8495
dme03010	8615
dme03010	8849
dme03010	8857
dme03010	8900
dme03010	8922
dme03010	9091
dme03010	9282
dme03010	9354
dme03010	9688
dme03010	9730
dme03010	9871
dme03010	9873
dme03010	dme:Dmel_CR33353
dme03010	dme:Dmel_CR33354
dme03010	dme:Dmel_CR33355
dme03010	dme:Dmel_CR33357
dme03010	dme:Dmel_CR33358
dme03010	dme:Dmel_CR33359
dme03010	dme:Dmel_CR33360
dme03010	dme:Dmel_CR33361
dme03010	dme:Dmel_CR33362
dme03010	dme:Dmel_CR33364
dme03010	dme:Dmel_CR33365
dme03010	dme:Dmel_CR33366
dme03010	dme:Dmel_CR33367
dme03010	dme:Dmel_CR33368
dme03010	dme:Dmel_CR33369
dme03010	dme:Dmel_CR33370
dme03010	dme:Dmel_CR33372
dme03010	dme:Dmel_CR33373
dme03010	dme:Dmel_CR33374
dme03010	dme:Dmel_CR33375
dme03010	dme:Dmel_CR33376
dme03010	dme:Dmel_CR33377
dme03010	dme:Dmel_CR33378
dme03010	dme:Dmel_CR33379
dme03010	dme:Dmel_CR33380
dme03010	dme:Dmel_CR33381
dme03010	dme:Dmel_CR33382
dme03010	dme:Dmel_CR33383
dme03010	dme:Dmel_CR33384
dme03010	dme:Dmel_CR33385
dme03010	dme:Dmel_CR33386
dme03010	dme:Dmel_CR33387
dme03010	dme:Dmel_CR33388
dme03010	dme:Dmel_CR33389
dme03010	dme:Dmel_CR33390
dme03010	dme:Dmel_CR33391
dme03010	dme:Dmel_CR33392
dme03010	dme:Dmel_CR33393
dme03010	dme:Dmel_CR33394
dme03010	dme:Dmel_CR33395
dme03010	dme:Dmel_CR33396
dme03010	dme:Dmel_CR33397
dme03010	dme:Dmel_CR33398
dme03010	dme:Dmel_CR33399
dme03010	dme:Dmel_CR33400
dme03010	dme:Dmel_CR33401
dme03010	dme:Dmel_CR33402
dme03010	dme:Dmel_CR33403
dme03010	dme:Dmel_CR33404
dme03010	dme:Dmel_CR33405
dme03010	dme:Dmel_CR33406
dme03010	dme:Dmel_CR33407
dme03010	dme:Dmel_CR33408
dme03010	dme:Dmel_CR33409
dme03010	dme:Dmel_CR33410
dme03010	dme:Dmel_CR33411
dme03010	dme:Dmel_CR33412
dme03010	dme:Dmel_CR33413
dme03010	dme:Dmel_CR33414
dme03010	dme:Dmel_CR33415
dme03010	dme:Dmel_CR33417
dme03010	dme:Dmel_CR33418
dme03010	dme:Dmel_CR33419
dme03010	dme:Dmel_CR33420
dme03010	dme:Dmel_CR33421
dme03010	dme:Dmel_CR33422
dme03010	dme:Dmel_CR33423
dme03010	dme:Dmel_CR33424
dme03010	dme:Dmel_CR33425
dme03010	dme:Dmel_CR33426
dme03010	dme:Dmel_CR33427
dme03010	dme:Dmel_CR33428
dme03010	dme:Dmel_CR33429
dme03010	dme:Dmel_CR33430
dme03010	dme:Dmel_CR33431
dme03010	dme:Dmel_CR33432
dme03010	dme:Dmel_CR33433
dme03010	dme:Dmel_CR33434
dme03010	dme:Dmel_CR33435
dme03010	dme:Dmel_CR33436
dme03010	dme:Dmel_CR33437
dme03010	dme:Dmel_CR33438
dme03010	dme:Dmel_CR33439
dme03010	dme:Dmel_CR33440
dme03010	dme:Dmel_CR33441
dme03010	dme:Dmel_CR33442
dme03010	dme:Dmel_CR33443
dme03010	dme:Dmel_CR33444
dme03010	dme:Dmel_CR33445
dme03010	dme:Dmel_CR33446
dme03010	dme:Dmel_CR33447
dme03010	dme:Dmel_CR33448
dme03010	dme:Dmel_CR33449
dme03010	dme:Dmel_CR33450
dme03010	dme:Dmel_CR33451
dme03010	dme:Dmel_CR33452
dme03010	dme:Dmel_CR40454
dme03010	dme:Dmel_CR41548
dme03010	dme:Dmel_CR45838
dme03010	dme:Dmel_CR45839
dme03010	dme:Dmel_CR45841
dme03010	dme:Dmel_CR45842
dme03010	dme:Dmel_CR45844
dme03010	dme:Dmel_CR45852
dme03010	dme:lrRNA
dme03010	dme:srRNA
dme03013	10124
dme03013	10161
dme03013	10198
dme03013	10315
dme03013	10419
dme03013	10459
dme03013	10473
dme03013	10811
dme03013	10837
dme03013	10840
dme03013	10881
dme03013	1101
dme03013	11092
dme03013	11184
dme03013	11274
dme03013	11606
dme03013	11856
dme03013	11875
dme03013	11943
dme03013	12131
dme03013	12234
dme03013	12357
dme03013	12752
dme03013	12782
dme03013	12878
dme03013	13137
dme03013	13387
dme03013	1404
dme03013	14057
dme03013	1442
dme03013	14712
dme03013	15526
dme03013	1559
dme03013	1664
dme03013	16725
dme03013	16788
dme03013	16892
dme03013	17031
dme03013	17143
dme03013	17737
dme03013	1873
dme03013	18787
dme03013	18789
dme03013	2031
dme03013	2100
dme03013	2158
dme03013	2253
dme03013	2637
dme03013	2677
dme03013	2980
dme03013	30176
dme03013	3018
dme03013	31501
dme03013	31671
dme03013	32135
dme03013	32763
dme03013	32859
dme03013	3298
dme03013	33082
dme03013	33100
dme03013	33931
dme03013	34317
dme03013	34334
dme03013	3460
dme03013	3730
dme03013	3806
dme03013	3820
dme03013	3845
dme03013	3957
dme03013	4035
dme03013	4153
dme03013	42303
dme03013	42304
dme03013	42350
dme03013	43069
dme03013	4453
dme03013	44890
dme03013	4494
dme03013	4579
dme03013	4738
dme03013	4810
dme03013	4878
dme03013	4924
dme03013	4931
dme03013	4954
dme03013	5119
dme03013	5632
dme03013	5733
dme03013	5857
dme03013	6046
dme03013	6203
dme03013	6251
dme03013	6539
dme03013	6540
dme03013	6743
dme03013	6773
dme03013	6819
dme03013	6958
dme03013	7035
dme03013	7262
dme03013	7269
dme03013	7360
dme03013	7483
dme03013	7671
dme03013	7815
dme03013	7883
dme03013	7897
dme03013	7907
dme03013	8023
dme03013	8038
dme03013	8053
dme03013	8069
dme03013	8190
dme03013	8274
dme03013	8277
dme03013	8280
dme03013	8335
dme03013	8383
dme03013	8636
dme03013	8722
dme03013	8771
dme03013	8781
dme03013	8831
dme03013	8846
dme03013	8882
dme03013	8963
dme03013	9075
dme03013	9124
dme03013	9177
dme03013	9401
dme03013	9422
dme03013	9615
dme03013	9677
dme03013	9765
dme03013	9769
dme03013	9805
dme03013	9862
dme03013	9946
dme03013	9999
dme03013	dme:Dmel_CR31379
dme03013	dme:Dmel_CR31539
dme03013	dme:Dmel_CR31850
dme03013	dme:Dmel_CR31854
dme03013	dme:Dmel_CR32867
dme03013	dme:Dmel_CR32878
dme03013	dme:Dmel_CR32882
dme03013	dme:Dmel_CR32913
dme03013	dme:Dmel_CR33788
dme03015	10110
dme03015	10138
dme03015	10228
dme03015	10377
dme03015	10473
dme03015	1078
dme03015	1101
dme03015	1109
dme03015	11184
dme03015	11274
dme03015	12357
dme03015	12752
dme03015	12878
dme03015	14216
dme03015	1559
dme03015	1664
dme03015	16788
dme03015	17031
dme03015	17170
dme03015	17291
dme03015	17293
dme03015	1810
dme03015	1898
dme03015	1957
dme03015	2096
dme03015	2097
dme03015	2163
dme03015	2253
dme03015	2261
dme03015	30176
dme03015	31501
dme03015	32135
dme03015	32169
dme03015	3245
dme03015	32568
dme03015	32743
dme03015	34334
dme03015	3515
dme03015	3642
dme03015	3688
dme03015	3689
dme03015	3959
dme03015	41534
dme03015	4733
dme03015	5099
dme03015	5119
dme03015	5605
dme03015	5643
dme03015	5650
dme03015	5970
dme03015	6046
dme03015	6235
dme03015	6354
dme03015	6369
dme03015	6382
dme03015	6593
dme03015	7035
dme03015	7109
dme03015	7185
dme03015	7269
dme03015	7483
dme03015	7697
dme03015	7698
dme03015	7907
dme03015	7913
dme03015	8383
dme03015	8781
dme03015	8822
dme03015	8954
dme03015	9156
dme03015	9401
dme03015	9654
dme03015	9854
dme03018	10210
dme03018	10354
dme03018	10418
dme03018	11183
dme03018	11265
dme03018	11337
dme03018	11486
dme03018	12101
dme03018	13277
dme03018	14213
dme03018	15262
dme03018	15481
dme03018	16954
dme03018	17462
dme03018	17654
dme03018	17768
dme03018	18616
dme03018	2021
dme03018	2091
dme03018	2161
dme03018	2830
dme03018	31137
dme03018	31184
dme03018	31716
dme03018	31938
dme03018	3291
dme03018	34407
dme03018	3909
dme03018	3931
dme03018	4001
dme03018	4043
dme03018	4152
dme03018	4279
dme03018	4916
dme03018	5119
dme03018	5208
dme03018	5684
dme03018	6169
dme03018	6181
dme03018	6249
dme03018	6311
dme03018	6413
dme03018	6610
dme03018	7235
dme03018	7292
dme03018	8025
dme03018	8232
dme03018	8395
dme03018	8426
dme03018	8542
dme03018	8777
dme03018	8928
dme03018	9214
dme03018	9250
dme03018	9323
dme03018	9344
dme03018	9573
dme03018	9606
dme03020	10122
dme03020	10582
dme03020	10685
dme03020	11246
dme03020	1163
dme03020	11979
dme03020	12267
dme03020	13418
dme03020	13628
dme03020	13773
dme03020	1554
dme03020	17209
dme03020	18600
dme03020	31155
dme03020	3180
dme03020	3284
dme03020	33051
dme03020	33785
dme03020	34186
dme03020	3756
dme03020	4033
dme03020	43662
dme03020	43663
dme03020	5147
dme03020	5380
dme03020	6840
dme03020	7339
dme03020	7885
dme03020	8344
dme03022	10281
dme03022	10390
dme03022	10415
dme03022	10756
dme03022	11115
dme03022	11308
dme03022	11639
dme03022	1276
dme03022	15632
dme03022	17358
dme03022	17603
dme03022	18009
dme03022	2009
dme03022	2670
dme03022	2859
dme03022	3069
dme03022	32211
dme03022	3319
dme03022	4079
dme03022	42373
dme03022	4448
dme03022	5041
dme03022	5163
dme03022	5193
dme03022	5444
dme03022	5930
dme03022	6474
dme03022	6538
dme03022	6577
dme03022	6711
dme03022	7128
dme03022	7405
dme03022	7562
dme03022	7614
dme03022	7704
dme03022	7764
dme03022	8019
dme03022	8151
dme03022	9433
dme03022	9874
dme03030	10262
dme03030	10489
dme03030	11164
dme03030	1119
dme03030	11301
dme03030	12018
dme03030	13399
dme03030	13690
dme03030	14999
dme03030	15220
dme03030	1616
dme03030	2990
dme03030	30105
dme03030	3975
dme03030	4039
dme03030	4082
dme03030	4206
dme03030	4337
dme03030	4978
dme03030	5313
dme03030	5553
dme03030	5602
dme03030	5923
dme03030	5949
dme03030	6258
dme03030	6349
dme03030	6768
dme03030	7108
dme03030	7538
dme03030	8142
dme03030	8648
dme03030	8729
dme03030	9193
dme03030	9273
dme03030	9633
dme03040	10077
dme03040	10128
dme03040	10203
dme03040	10279
dme03040	10333
dme03040	10418
dme03040	10473
dme03040	10689
dme03040	10753
dme03040	10754
dme03040	10777
dme03040	10851
dme03040	1101
dme03040	11107
dme03040	11586
dme03040	11820
dme03040	11964
dme03040	11985
dme03040	12085
dme03040	12135
dme03040	12343
dme03040	12357
dme03040	1249
dme03040	12749
dme03040	13277
dme03040	13298
dme03040	13425
dme03040	13892
dme03040	13900
dme03040	1406
dme03040	1420
dme03040	14443
dme03040	14641
dme03040	15525
dme03040	1622
dme03040	1639
dme03040	16792
dme03040	16941
dme03040	17031
dme03040	17266
dme03040	17454
dme03040	17540
dme03040	17768
dme03040	1796
dme03040	18426
dme03040	18591
dme03040	18743
dme03040	2021
dme03040	2031
dme03040	2685
dme03040	2807
dme03040	2925
dme03040	30342
dme03040	3058
dme03040	31184
dme03040	31359
dme03040	31366
dme03040	31368
dme03040	31449
dme03040	3162
dme03040	31671
dme03040	3193
dme03040	32604
dme03040	33522
dme03040	3436
dme03040	3542
dme03040	3582
dme03040	3605
dme03040	3780
dme03040	3949
dme03040	4119
dme03040	4264
dme03040	42724
dme03040	4849
dme03040	4886
dme03040	4980
dme03040	5352
dme03040	5436
dme03040	5442
dme03040	5454
dme03040	5519
dme03040	5834
dme03040	5931
dme03040	6011
dme03040	6015
dme03040	6197
dme03040	6227
dme03040	6322
dme03040	6418
dme03040	6489
dme03040	6610
dme03040	6686
dme03040	6841
dme03040	6876
dme03040	6905
dme03040	6987
dme03040	7035
dme03040	7269
dme03040	7288
dme03040	7483
dme03040	7756
dme03040	7757
dme03040	7907
dme03040	8241
dme03040	8264
dme03040	8427
dme03040	8749
dme03040	8781
dme03040	8877
dme03040	8937
dme03040	9344
dme03040	9346
dme03040	9401
dme03040	9548
dme03040	9615
dme03040	9667
dme03040	9742
dme03040	9983
dme03040	9998
dme03040	dme:Dmel_CR31379
dme03040	dme:Dmel_CR31539
dme03040	dme:Dmel_CR31850
dme03040	dme:Dmel_CR31854
dme03040	dme:Dmel_CR32867
dme03040	dme:Dmel_CR32878
dme03040	dme:Dmel_CR32882
dme03040	dme:Dmel_CR32913
dme03040	dme:Dmel_CR33788
dme03050	10149
dme03050	10230
dme03050	10370
dme03050	10938
dme03050	1100
dme03050	11552
dme03050	11888
dme03050	11981
dme03050	12000
dme03050	12161
dme03050	12323
dme03050	13349
dme03050	1341
dme03050	13779
dme03050	1489
dme03050	1519
dme03050	1591
dme03050	16916
dme03050	17268
dme03050	17301
dme03050	17302
dme03050	17331
dme03050	1736
dme03050	18174
dme03050	18341
dme03050	18495
dme03050	2241
dme03050	30382
dme03050	31742
dme03050	3329
dme03050	3416
dme03050	3422
dme03050	3455
dme03050	4097
dme03050	4157
dme03050	42641
dme03050	4569
dme03050	4904
dme03050	5266
dme03050	5289
dme03050	5378
dme03050	5648
dme03050	6789
dme03050	7257
dme03050	7619
dme03050	7762
dme03050	8392
dme03050	8979
dme03050	9324
dme03050	9327
dme03050	9475
dme03050	9868
dme03060	10130
dme03060	11110
dme03060	11500
dme03060	13426
dme03060	14214
dme03060	1751
dme03060	2358
dme03060	2522
dme03060	33162
dme03060	4147
dme03060	4457
dme03060	4659
dme03060	4758
dme03060	5064
dme03060	5417
dme03060	5434
dme03060	5677
dme03060	6404
dme03060	8268
dme03060	8583
dme03060	8860
dme03060	9240
dme03060	9539
dme03410	10262
dme03410	10489
dme03410	11301
dme03410	12018
dme03410	12223
dme03410	13399
dme03410	17227
dme03410	1795
dme03410	1981
dme03410	3178
dme03410	3975
dme03410	40411
dme03410	4208
dme03410	5285
dme03410	5602
dme03410	5949
dme03410	6768
dme03410	8648
dme03410	9193
dme03410	9272
dme03420	10215
dme03420	10262
dme03420	10489
dme03420	10694
dme03420	10890
dme03420	11115
dme03420	1119
dme03420	11301
dme03420	12018
dme03420	13399
dme03420	14999
dme03420	15220
dme03420	16982
dme03420	16988
dme03420	1836
dme03420	3319
dme03420	3697
dme03420	3975
dme03420	42373
dme03420	5041
dme03420	5313
dme03420	5602
dme03420	5949
dme03420	6258
dme03420	6358
dme03420	6768
dme03420	7405
dme03420	7614
dme03420	7764
dme03420	7769
dme03420	8019
dme03420	8142
dme03420	8151
dme03420	8153
dme03420	8711
dme03420	9193
dme03420	9273
dme03420	9433
dme03420	9633
dme03430	10262
dme03430	10387
dme03430	1119
dme03430	11482
dme03430	12018
dme03430	14999
dme03430	15220
dme03430	3975
dme03430	4215
dme03430	4337
dme03430	5313
dme03430	5602
dme03430	5949
dme03430	6258
dme03430	7003
dme03430	8142
dme03430	8169
dme03430	9193
dme03430	9273
dme03430	9633
dme03440	10123
dme03440	11156
dme03440	12018
dme03440	12936
dme03440	13779
dme03440	15220
dme03440	16928
dme03440	2412
dme03440	3026
dme03440	31069
dme03440	3325
dme03440	3458
dme03440	3736
dme03440	3975
dme03440	4337
dme03440	5949
dme03440	6339
dme03440	6535
dme03440	6754
dme03440	6920
dme03440	7948
dme03440	9273
dme03440	9633
dme03450	12176
dme03450	16928
dme03450	18801
dme03450	5247
dme03450	6339
dme03450	8648
dme03460	10123
dme03460	10215
dme03460	11482
dme03460	12189
dme03460	12812
dme03460	12936
dme03460	13745
dme03460	15220
dme03460	15817
dme03460	17269
dme03460	18271
dme03460	1925
dme03460	3026
dme03460	31069
dme03460	3458
dme03460	3697
dme03460	4252
dme03460	6920
dme03460	7143
dme03460	7602
dme03460	7922
dme03460	7948
dme03460	8169
dme03460	9062
dme03460	9273
dme03460	9633
dme04013	10079
dme04013	10108
dme04013	10334
dme04013	1044
dme04013	10491
dme04013	10961
dme04013	11411
dme04013	12212
dme04013	12244
dme04013	12283
dme04013	12437
dme04013	12559
dme04013	12919
dme04013	13030
dme04013	13387
dme04013	1378
dme04013	1389
dme04013	14026
dme04013	1429
dme04013	15085
dme04013	15793
dme04013	1689
dme04013	16973
dme04013	17077
dme04013	17228
dme04013	17610
dme04013	17870
dme04013	18085
dme04013	18247
dme04013	18492
dme04013	1856
dme04013	1906
dme04013	1921
dme04013	2079
dme04013	2248
dme04013	2272
dme04013	2275
dme04013	2845
dme04013	2899
dme04013	3131
dme04013	31421
dme04013	3166
dme04013	32179
dme04013	33338
dme04013	33956
dme04013	3578
dme04013	3715
dme04013	3954
dme04013	4063
dme04013	43122
dme04013	4353
dme04013	44128
dme04013	44246
dme04013	4531
dme04013	4720
dme04013	4790
dme04013	4803
dme04013	5123
dme04013	5475
dme04013	5588
dme04013	5603
dme04013	5619
dme04013	5680
dme04013	6033
dme04013	6036
dme04013	6531
dme04013	6556
dme04013	6705
dme04013	6721
dme04013	7109
dme04013	7392
dme04013	7393
dme04013	7417
dme04013	7425
dme04013	7524
dme04013	7717
dme04013	7793
dme04013	7850
dme04013	7935
dme04013	8049
dme04013	8285
dme04013	8384
dme04013	8556
dme04013	8905
dme04013	9209
dme04013	9366
dme04013	9375
dme04013	9553
dme04013	9738
dme04013	9768
dme04013	9856
dme04013	9885
dme04013	9949
dme04068	10079
dme04068	10498
dme04068	10861
dme04068	10924
dme04068	11086
dme04068	11324
dme04068	11658
dme04068	1210
dme04068	12306
dme04068	12334
dme04068	12559
dme04068	14049
dme04068	14167
dme04068	14173
dme04068	1490
dme04068	15319
dme04068	15400
dme04068	15793
dme04068	17299
dme04068	17725
dme04068	1775
dme04068	18402
dme04068	2048
dme04068	2262
dme04068	2699
dme04068	2845
dme04068	2939
dme04068	3051
dme04068	3143
dme04068	32672
dme04068	33273
dme04068	33338
dme04068	3510
dme04068	3675
dme04068	4006
dme04068	4141
dme04068	4201
dme04068	5059
dme04068	5216
dme04068	5475
dme04068	5671
dme04068	5680
dme04068	5686
dme04068	5814
dme04068	6033
dme04068	6535
dme04068	6554
dme04068	6736
dme04068	6871
dme04068	7186
dme04068	7393
dme04068	7793
dme04068	7892
dme04068	8057
dme04068	8167
dme04068	8224
dme04068	8905
dme04068	9096
dme04068	9314
dme04068	9374
dme04068	9375
dme04068	9571
dme04068	9772
dme04068	9927
dme04068	9929
dme04070	10082
dme04070	10260
dme04070	10426
dme04070	1063
dme04070	11165
dme04070	11621
dme04070	13526
dme04070	13688
dme04070	13898
dme04070	14616
dme04070	15743
dme04070	15855
dme04070	17026
dme04070	17027
dme04070	17028
dme04070	17029
dme04070	17471
dme04070	17769
dme04070	17770
dme04070	2699
dme04070	2929
dme04070	3028
dme04070	30295
dme04070	30378
dme04070	31140
dme04070	31960
dme04070	34361
dme04070	34384
dme04070	3530
dme04070	3573
dme04070	3620
dme04070	3632
dme04070	3682
dme04070	4026
dme04070	4141
dme04070	4200
dme04070	42271
dme04070	42283
dme04070	42667
dme04070	45017
dme04070	4574
dme04070	5024
dme04070	5373
dme04070	5671
dme04070	6355
dme04070	6518
dme04070	6542
dme04070	6562
dme04070	6622
dme04070	6707
dme04070	6805
dme04070	7004
dme04070	7962
dme04070	8472
dme04070	8657
dme04070	9115
dme04070	9245
dme04070	9389
dme04070	9391
dme04070	9784
dme04070	9985
dme04080	10001
dme04080	10537
dme04080	1056
dme04080	11144
dme04080	11325
dme04080	1147
dme04080	12073
dme04080	12350
dme04080	12351
dme04080	12370
dme04080	12385
dme04080	12386
dme04080	12387
dme04080	12388
dme04080	15113
dme04080	15274
dme04080	16720
dme04080	17336
dme04080	18211
dme04080	18444
dme04080	18681
dme04080	2789
dme04080	2872
dme04080	2902
dme04080	30028
dme04080	30031
dme04080	30106
dme04080	3022
dme04080	31096
dme04080	32540
dme04080	32843
dme04080	33159
dme04080	33160
dme04080	33513
dme04080	33517
dme04080	42301
dme04080	4356
dme04080	5055
dme04080	6515
dme04080	6706
dme04080	7395
dme04080	7446
dme04080	7665
dme04080	7754
dme04080	7887
dme04080	7918
dme04080	8422
dme04080	8916
dme04080	9564
dme04080	9652
dme04080	9753
dme04120	10254
dme04120	10523
dme04120	10682
dme04120	10850
dme04120	10961
dme04120	11070
dme04120	11261
dme04120	11419
dme04120	11734
dme04120	11941
dme04120	11942
dme04120	12227
dme04120	12276
dme04120	12284
dme04120	12700
dme04120	12799
dme04120	12812
dme04120	13030
dme04120	13221
dme04120	13343
dme04120	1401
dme04120	14444
dme04120	14739
dme04120	15010
dme04120	1512
dme04120	15800
dme04120	16783
dme04120	16947
dme04120	16982
dme04120	16983
dme04120	16988
dme04120	17030
dme04120	1782
dme04120	18319
dme04120	1877
dme04120	1937
dme04120	2013
dme04120	2218
dme04120	2257
dme04120	2508
dme04120	2574
dme04120	2924
dme04120	3000
dme04120	3018
dme04120	3060
dme04120	31687
dme04120	32707
dme04120	3356
dme04120	33981
dme04120	3412
dme04120	34440
dme04120	3962
dme04120	40045
dme04120	4204
dme04120	42279
dme04120	4244
dme04120	42574
dme04120	42616
dme04120	4274
dme04120	43089
dme04120	4443
dme04120	4502
dme04120	4943
dme04120	5087
dme04120	5203
dme04120	5440
dme04120	5519
dme04120	5701
dme04120	5788
dme04120	5823
dme04120	6093
dme04120	6190
dme04120	6303
dme04120	6720
dme04120	6759
dme04120	7037
dme04120	7220
dme04120	7375
dme04120	7425
dme04120	7528
dme04120	7656
dme04120	7747
dme04120	7769
dme04120	8068
dme04120	8184
dme04120	8188
dme04120	8284
dme04120	8293
dme04120	8610
dme04120	8711
dme04120	8881
dme04120	8998
dme04120	9153
dme04120	9198
dme04120	9291
dme04120	9484
dme04120	9602
dme04120	9772
dme04120	9934
dme04120	9949
dme04122	10189
dme04122	10238
dme04122	12264
dme04122	12279
dme04122	13090
dme04122	33276
dme04122	42503
dme04122	8078
dme04130	11173
dme04130	12210
dme04130	13626
dme04130	14084
dme04130	14181
dme04130	1467
dme04130	1515
dme04130	1599
dme04130	17248
dme04130	2023
dme04130	31136
dme04130	3279
dme04130	4109
dme04130	4214
dme04130	44009
dme04130	4780
dme04130	5081
dme04130	7359
dme04130	7452
dme04130	7700
dme04130	7736
dme04136	10861
dme04136	10967
dme04136	12334
dme04136	1241
dme04136	12821
dme04136	1643
dme04136	3004
dme04136	31033
dme04136	31852
dme04136	32672
dme04136	3615
dme04136	4320
dme04136	4428
dme04136	5092
dme04136	5373
dme04136	5429
dme04136	5489
dme04136	6194
dme04136	6877
dme04136	7053
dme04136	7109
dme04136	7331
dme04136	7986
dme04136	8678
dme04136	9746
dme04137	10523
dme04137	11490
dme04137	1167
dme04137	12334
dme04137	12511
dme04137	13591
dme04137	14816
dme04137	15224
dme04137	15874
dme04137	1643
dme04137	17510
dme04137	17520
dme04137	2087
dme04137	2275
dme04137	2615
dme04137	3016
dme04137	3143
dme04137	32616
dme04137	32672
dme04137	33236
dme04137	33237
dme04137	33238
dme04137	33239
dme04137	33240
dme04137	33241
dme04137	33242
dme04137	33243
dme04137	33244
dme04137	33245
dme04137	33246
dme04137	33247
dme04137	3615
dme04137	3869
dme04137	40635
dme04137	42398
dme04137	45051
dme04137	4568
dme04137	5059
dme04137	5410
dme04137	5429
dme04137	5676
dme04137	5680
dme04137	5798
dme04137	5915
dme04137	7524
dme04137	8226
dme04137	8669
dme04137	8914
dme04137	9375
dme04140	10104
dme04140	10539
dme04140	1063
dme04140	1081
dme04140	10861
dme04140	10961
dme04140	10967
dme04140	10992
dme04140	11173
dme04140	11347
dme04140	11459
dme04140	1167
dme04140	11877
dme04140	11968
dme04140	12066
dme04140	1210
dme04140	12223
dme04140	12334
dme04140	1241
dme04140	12559
dme04140	12772
dme04140	12821
dme04140	13095
dme04140	1347
dme04140	14167
dme04140	14173
dme04140	1548
dme04140	15793
dme04140	1609
dme04140	1643
dme04140	17134
dme04140	17283
dme04140	17689
dme04140	17698
dme04140	18402
dme04140	18492
dme04140	2087
dme04140	2699
dme04140	3004
dme04140	3051
dme04140	31033
dme04140	31421
dme04140	31661
dme04140	31852
dme04140	31926
dme04140	31928
dme04140	32672
dme04140	32675
dme04140	3305
dme04140	33128
dme04140	33273
dme04140	3615
dme04140	3632
dme04140	4006
dme04140	4141
dme04140	42349
dme04140	4320
dme04140	4379
dme04140	4428
dme04140	45051
dme04140	4583
dme04140	4803
dme04140	5059
dme04140	5092
dme04140	5373
dme04140	5429
dme04140	5489
dme04140	5671
dme04140	5680
dme04140	5686
dme04140	5860
dme04140	5863
dme04140	5915
dme04140	6116
dme04140	6147
dme04140	6194
dme04140	6508
dme04140	6542
dme04140	6692
dme04140	6736
dme04140	6877
dme04140	6975
dme04140	7053
dme04140	7109
dme04140	7331
dme04140	7452
dme04140	7986
dme04140	8167
dme04140	8678
dme04140	8707
dme04140	9374
dme04140	9375
dme04140	9746
dme04140	9834
dme04140	9946
dme04141	10130
dme04141	10221
dme04141	10420
dme04141	10523
dme04141	10694
dme04141	10882
dme04141	10908
dme04141	10973
dme04141	11139
dme04141	11261
dme04141	11642
dme04141	11874
dme04141	11941
dme04141	11942
dme04141	11958
dme04141	12227
dme04141	1242
dme04141	1250
dme04141	12700
dme04141	1317
dme04141	1333
dme04141	13393
dme04141	13426
dme04141	13887
dme04141	14214
dme04141	14224
dme04141	14476
dme04141	1472
dme04141	14899
dme04141	1518
dme04141	15800
dme04141	1597
dme04141	1609
dme04141	16982
dme04141	16983
dme04141	16988
dme04141	18132
dme04141	1836
dme04141	1837
dme04141	18743
dme04141	1877
dme04141	1924
dme04141	1937
dme04141	2087
dme04141	2331
dme04141	2918
dme04141	30156
dme04141	3061
dme04141	31202
dme04141	31359
dme04141	3136
dme04141	31366
dme04141	31449
dme04141	31528
dme04141	32039
dme04141	32581
dme04141	32701
dme04141	32847
dme04141	33303
dme04141	3810
dme04141	40045
dme04141	4147
dme04141	4164
dme04141	42275
dme04141	42383
dme04141	4264
dme04141	43089
dme04141	4353
dme04141	4443
dme04141	4533
dme04141	4583
dme04141	4603
dme04141	4673
dme04141	4720
dme04141	4758
dme04141	4917
dme04141	5105
dme04141	5203
dme04141	5436
dme04141	5469
dme04141	5474
dme04141	5510
dme04141	5520
dme04141	5680
dme04141	5682
dme04141	5809
dme04141	5823
dme04141	5834
dme04141	5885
dme04141	6233
dme04141	6370
dme04141	6395
dme04141	6453
dme04141	6489
dme04141	6603
dme04141	6766
dme04141	6773
dme04141	6822
dme04141	6850
dme04141	6988
dme04141	7073
dme04141	7169
dme04141	7225
dme04141	7425
dme04141	7556
dme04141	7748
dme04141	7756
dme04141	7830
dme04141	7865
dme04141	7945
dme04141	8141
dme04141	8266
dme04141	8286
dme04141	8583
dme04141	8669
dme04141	8860
dme04141	8863
dme04141	8881
dme04141	8937
dme04141	8974
dme04141	8983
dme04141	8988
dme04141	9022
dme04141	9035
dme04141	9175
dme04141	9415
dme04141	9429
dme04141	9539
dme04141	9602
dme04141	9828
dme04141	9906
dme04141	9934
dme04141	9946
dme04142	10104
dme04142	10106
dme04142	10474
dme04142	10986
dme04142	10992
dme04142	11314
dme04142	11315
dme04142	11406
dme04142	11427
dme04142	11459
dme04142	12014
dme04142	12070
dme04142	12092
dme04142	12108
dme04142	12163
dme04142	12532
dme04142	12582
dme04142	12602
dme04142	12846
dme04142	13095
dme04142	1318
dme04142	13397
dme04142	13510
dme04142	13511
dme04142	13516
dme04142	14291
dme04142	14767
dme04142	15117
dme04142	1548
dme04142	16707
dme04142	1709
dme04142	17119
dme04142	17134
dme04142	17283
dme04142	17332
dme04142	1787
dme04142	1827
dme04142	18278
dme04142	18301
dme04142	18617
dme04142	18816
dme04142	18817
dme04142	18858
dme04142	2135
dme04142	2934
dme04142	3002
dme04142	30059
dme04142	30160
dme04142	30269
dme04142	30273
dme04142	3029
dme04142	30329
dme04142	3035
dme04142	31072
dme04142	31148
dme04142	3132
dme04142	31410
dme04142	31414
dme04142	3153
dme04142	3161
dme04142	31661
dme04142	31683
dme04142	31926
dme04142	31928
dme04142	32089
dme04142	32090
dme04142	3305
dme04142	33128
dme04142	3376
dme04142	3671
dme04142	3934
dme04142	4250
dme04142	42565
dme04142	42566
dme04142	4330
dme04142	4372
dme04142	4624
dme04142	4847
dme04142	4851
dme04142	5322
dme04142	5582
dme04142	5722
dme04142	5731
dme04142	5860
dme04142	5863
dme04142	5864
dme04142	6113
dme04142	6201
dme04142	6206
dme04142	6508
dme04142	6656
dme04142	6692
dme04142	6737
dme04142	6903
dme04142	7007
dme04142	7026
dme04142	7049
dme04142	7291
dme04142	7402
dme04142	7678
dme04142	7780
dme04142	7899
dme04142	7997
dme04142	8029
dme04142	8596
dme04142	8646
dme04142	8666
dme04142	8823
dme04142	9012
dme04142	9013
dme04142	9092
dme04142	9113
dme04142	9388
dme04142	9463
dme04142	9465
dme04142	9466
dme04142	9468
dme04142	9494
dme04144	10079
dme04144	10103
dme04144	10540
dme04144	10711
dme04144	10954
dme04144	10961
dme04144	1115
dme04144	11628
dme04144	12001
dme04144	12110
dme04144	12272
dme04144	12530
dme04144	12770
dme04144	12876
dme04144	13176
dme04144	13503
dme04144	13957
dme04144	14296
dme04144	14396
dme04144	14542
dme04144	14750
dme04144	14804
dme04144	1487
dme04144	1520
dme04144	15667
dme04144	16728
dme04144	16742
dme04144	16932
dme04144	17033
dme04144	17060
dme04144	17158
dme04144	17471
dme04144	17828
dme04144	17998
dme04144	18102
dme04144	18402
dme04144	18743
dme04144	2224
dme04144	2262
dme04144	2774
dme04144	2903
dme04144	30372
dme04144	31072
dme04144	31158
dme04144	31359
dme04144	31366
dme04144	31449
dme04144	31811
dme04144	32134
dme04144	32434
dme04144	33991
dme04144	3664
dme04144	3682
dme04144	40129
dme04144	4030
dme04144	4071
dme04144	4108
dme04144	42279
dme04144	4237
dme04144	4244
dme04144	4260
dme04144	4264
dme04144	42783
dme04144	4560
dme04144	4618
dme04144	4764
dme04144	4943
dme04144	5055
dme04144	5436
dme04144	5498
dme04144	5625
dme04144	5771
dme04144	5798
dme04144	5834
dme04144	5884
dme04144	5915
dme04144	5972
dme04144	6056
dme04144	6148
dme04144	6259
dme04144	6359
dme04144	6489
dme04144	6521
dme04144	6606
dme04144	6637
dme04144	6742
dme04144	6838
dme04144	6842
dme04144	7037
dme04144	7057
dme04144	7192
dme04144	7223
dme04144	7429
dme04144	7524
dme04144	7578
dme04144	7756
dme04144	7765
dme04144	7967
dme04144	8055
dme04144	8156
dme04144	8222
dme04144	8224
dme04144	8228
dme04144	8243
dme04144	8282
dme04144	8287
dme04144	8385
dme04144	8416
dme04144	8487
dme04144	8506
dme04144	8532
dme04144	8604
dme04144	8936
dme04144	8937
dme04144	8978
dme04144	9012
dme04144	9014
dme04144	9575
dme04144	9695
dme04144	9712
dme04144	9779
dme04144	9834
dme04144	9881
dme04144	9985
dme04145	10067
dme04145	10130
dme04145	1076
dme04145	1088
dme04145	11326
dme04145	11459
dme04145	11589
dme04145	11958
dme04145	12051
dme04145	12403
dme04145	12602
dme04145	1268
dme04145	13167
dme04145	13426
dme04145	13626
dme04145	14214
dme04145	14909
dme04145	15148
dme04145	1560
dme04145	15719
dme04145	1709
dme04145	17332
dme04145	17369
dme04145	1762
dme04145	18000
dme04145	18290
dme04145	18617
dme04145	1913
dme04145	1924
dme04145	1938
dme04145	2248
dme04145	2512
dme04145	2903
dme04145	2934
dme04145	30329
dme04145	3161
dme04145	32089
dme04145	32090
dme04145	32396
dme04145	32823
dme04145	3305
dme04145	33497
dme04145	33499
dme04145	3401
dme04145	3664
dme04145	3762
dme04145	4027
dme04145	4624
dme04145	46275
dme04145	46276
dme04145	46277
dme04145	4869
dme04145	5075
dme04145	5081
dme04145	5178
dme04145	5373
dme04145	5409
dme04145	5588
dme04145	5915
dme04145	6213
dme04145	6355
dme04145	6692
dme04145	6713
dme04145	6737
dme04145	7007
dme04145	7026
dme04145	7359
dme04145	7478
dme04145	7507
dme04145	7625
dme04145	7678
dme04145	7794
dme04145	8029
dme04145	8048
dme04145	8186
dme04145	8210
dme04145	8308
dme04145	8310
dme04145	8556
dme04145	8860
dme04145	9013
dme04145	9277
dme04145	9359
dme04145	9366
dme04145	9429
dme04145	9476
dme04145	9539
dme04145	9580
dme04145	9906
dme04146	10096
dme04146	10097
dme04146	10194
dme04146	10195
dme04146	10253
dme04146	10268
dme04146	10399
dme04146	1041
dme04146	10672
dme04146	11077
dme04146	11208
dme04146	11236
dme04146	11793
dme04146	11919
dme04146	12268
dme04146	12338
dme04146	12355
dme04146	12428
dme04146	12703
dme04146	13091
dme04146	13827
dme04146	13890
dme04146	1441
dme04146	1443
dme04146	14777
dme04146	14778
dme04146	14815
dme04146	14893
dme04146	1633
dme04146	1662
dme04146	17320
dme04146	17544
dme04146	17560
dme04146	17562
dme04146	17597
dme04146	18003
dme04146	18031
dme04146	18094
dme04146	18516
dme04146	18519
dme04146	18522
dme04146	2022
dme04146	2316
dme04146	30427
dme04146	32250
dme04146	32262
dme04146	32263
dme04146	33474
dme04146	33671
dme04146	3415
dme04146	34342
dme04146	3639
dme04146	3926
dme04146	3947
dme04146	3961
dme04146	4020
dme04146	4289
dme04146	4586
dme04146	4625
dme04146	4663
dme04146	4770
dme04146	5009
dme04146	5065
dme04146	5122
dme04146	5265
dme04146	5325
dme04146	5906
dme04146	5948
dme04146	6045
dme04146	6486
dme04146	6760
dme04146	6859
dme04146	6871
dme04146	6888
dme04146	7081
dme04146	7176
dme04146	7217
dme04146	7642
dme04146	7864
dme04146	7970
dme04146	8306
dme04146	8315
dme04146	8732
dme04146	8905
dme04146	9027
dme04146	9314
dme04146	9319
dme04146	9527
dme04146	9577
dme04146	9707
dme04146	9709
dme04150	10105
dme04150	10124
dme04150	10539
dme04150	1076
dme04150	1081
dme04150	10837
dme04150	1088
dme04150	10944
dme04150	10967
dme04150	11968
dme04150	12090
dme04150	1210
dme04150	12403
dme04150	12559
dme04150	13167
dme04150	14049
dme04150	14167
dme04150	14173
dme04150	14184
dme04150	1442
dme04150	14812
dme04150	14977
dme04150	15719
dme04150	15793
dme04150	16785
dme04150	16908
dme04150	17332
dme04150	17369
dme04150	17596
dme04150	17697
dme04150	18361
dme04150	18402
dme04150	2621
dme04150	2699
dme04150	2791
dme04150	2845
dme04150	3004
dme04150	3051
dme04150	31003
dme04150	32859
dme04150	33100
dme04150	33273
dme04150	3762
dme04150	3764
dme04150	4006
dme04150	40293
dme04150	4035
dme04150	4083
dme04150	4141
dme04150	4201
dme04150	4320
dme04150	4626
dme04150	4705
dme04150	4889
dme04150	4969
dme04150	4971
dme04150	5020
dme04150	5075
dme04150	5092
dme04150	5110
dme04150	5189
dme04150	5671
dme04150	5686
dme04150	5912
dme04150	6033
dme04150	6147
dme04150	6182
dme04150	6213
dme04150	6407
dme04150	6518
dme04150	6622
dme04150	6736
dme04150	6773
dme04150	6975
dme04150	7074
dme04150	7609
dme04150	7793
dme04150	8002
dme04150	8023
dme04150	8048
dme04150	8167
dme04150	8186
dme04150	8210
dme04150	8277
dme04150	8310
dme04150	8416
dme04150	8458
dme04150	8616
dme04150	8707
dme04150	8722
dme04150	8783
dme04150	9104
dme04150	9374
dme04150	9375
dme04150	9739
dme04150	9772
dme04213	10002
dme04213	10255
dme04213	10539
dme04213	10564
dme04213	11793
dme04213	12066
dme04213	13317
dme04213	14049
dme04213	14167
dme04213	14173
dme04213	1506
dme04213	1643
dme04213	17174
dme04213	17176
dme04213	17299
dme04213	18402
dme04213	18743
dme04213	2699
dme04213	3051
dme04213	31359
dme04213	31366
dme04213	3143
dme04213	31449
dme04213	32301
dme04213	32305
dme04213	33273
dme04213	4006
dme04213	4141
dme04213	4264
dme04213	4320
dme04213	4379
dme04213	4533
dme04213	5092
dme04213	5216
dme04213	5436
dme04213	5686
dme04213	5712
dme04213	5834
dme04213	5948
dme04213	5983
dme04213	6489
dme04213	6736
dme04213	6871
dme04213	7471
dme04213	7756
dme04213	7978
dme04213	8057
dme04213	8167
dme04213	8846
dme04213	8905
dme04213	8937
dme04213	9027
dme04213	9210
dme04213	9314
dme04213	9375
dme04213	9533
dme04214	10079
dme04214	10119
dme04214	10961
dme04214	11228
dme04214	11491
dme04214	12072
dme04214	12559
dme04214	1274
dme04214	12919
dme04214	13263
dme04214	13402
dme04214	13701
dme04214	14902
dme04214	1765
dme04214	17903
dme04214	18157
dme04214	18389
dme04214	18492
dme04214	2087
dme04214	2275
dme04214	2789
dme04214	2845
dme04214	3048
dme04214	31421
dme04214	3210
dme04214	32180
dme04214	33134
dme04214	33193
dme04214	33336
dme04214	33956
dme04214	3644
dme04214	3869
dme04214	40411
dme04214	4252
dme04214	4319
dme04214	4345
dme04214	4353
dme04214	4380
dme04214	4568
dme04214	4720
dme04214	4803
dme04214	5123
dme04214	5370
dme04214	5410
dme04214	5680
dme04214	6303
dme04214	6531
dme04214	6535
dme04214	6829
dme04214	6944
dme04214	7263
dme04214	7417
dme04214	7486
dme04214	7788
dme04214	7850
dme04214	7863
dme04214	8091
dme04214	8238
dme04214	8464
dme04214	8669
dme04214	9177
dme04214	9375
dme04214	dme:Dmel_CR43018
dme04215	12265
dme04215	12284
dme04215	12297
dme04215	13263
dme04215	14902
dme04215	17903
dme04215	33134
dme04215	4319
dme04215	4345
dme04215	5123
dme04215	5370
dme04215	5429
dme04215	5680
dme04215	6303
dme04215	6531
dme04215	6829
dme04215	7486
dme04215	7788
dme04215	8091
dme04215	8238
dme04215	8293
dme04215	8464
dme04215	9699
dme04310	10798
dme04310	11084
dme04310	11217
dme04310	11261
dme04310	11579
dme04310	11614
dme04310	11941
dme04310	11942
dme04310	12066
dme04310	12147
dme04310	12227
dme04310	12700
dme04310	13030
dme04310	13076
dme04310	13591
dme04310	1451
dme04310	1455
dme04310	14622
dme04310	15224
dme04310	15319
dme04310	15800
dme04310	16785
dme04310	16982
dme04310	16983
dme04310	16988
dme04310	17520
dme04310	17697
dme04310	1775
dme04310	18069
dme04310	18361
dme04310	18492
dme04310	1877
dme04310	18803
dme04310	2028
dme04310	2048
dme04310	2248
dme04310	2275
dme04310	2577
dme04310	2621
dme04310	31003
dme04310	3135
dme04310	31421
dme04310	32146
dme04310	3226
dme04310	32616
dme04310	33236
dme04310	33237
dme04310	33238
dme04310	33239
dme04310	33240
dme04310	33241
dme04310	33242
dme04310	33243
dme04310	33244
dme04310	33245
dme04310	33246
dme04310	33247
dme04310	3412
dme04310	34403
dme04310	3620
dme04310	4003
dme04310	4063
dme04310	40635
dme04310	4209
dme04310	42398
dme04310	43089
dme04310	43722
dme04310	4379
dme04310	4574
dme04310	4626
dme04310	4803
dme04310	4889
dme04310	4969
dme04310	4971
dme04310	4974
dme04310	5588
dme04310	5680
dme04310	5912
dme04310	6193
dme04310	6205
dme04310	6407
dme04310	6518
dme04310	6622
dme04310	7094
dme04310	7583
dme04310	7892
dme04310	7926
dme04310	8075
dme04310	8384
dme04310	8416
dme04310	8458
dme04310	8556
dme04310	8881
dme04310	8914
dme04310	9096
dme04310	9366
dme04310	9739
dme04310	9819
dme04310	9842
dme04310	9949
dme04320	1004
dme04320	10076
dme04320	10079
dme04320	10847
dme04320	10868
dme04320	11491
dme04320	11924
dme04320	12559
dme04320	15793
dme04320	16901
dme04320	17077
dme04320	17610
dme04320	2845
dme04320	3166
dme04320	31762
dme04320	3218
dme04320	3399
dme04320	3936
dme04320	40300
dme04320	43782
dme04320	4531
dme04320	4934
dme04320	6033
dme04320	6122
dme04320	6137
dme04320	7793
dme04320	9375
dme04320	9659
dme04330	10580
dme04330	15319
dme04330	18361
dme04330	18803
dme04330	2855
dme04330	33198
dme04330	3497
dme04330	3619
dme04330	3779
dme04330	3929
dme04330	3936
dme04330	4107
dme04330	5460
dme04330	6127
dme04330	6843
dme04330	7012
dme04330	7471
dme04330	7583
dme04330	7908
dme04330	8118
dme04330	8264
dme04330	8384
dme04341	11261
dme04341	11561
dme04341	11941
dme04341	11942
dme04341	12066
dme04341	12147
dme04341	12227
dme04341	12537
dme04341	12700
dme04341	15800
dme04341	16982
dme04341	16983
dme04341	16988
dme04341	1708
dme04341	17998
dme04341	1877
dme04341	2028
dme04341	2048
dme04341	2125
dme04341	2411
dme04341	2577
dme04341	2621
dme04341	31003
dme04341	32796
dme04341	3412
dme04341	42616
dme04341	43089
dme04341	4379
dme04341	4637
dme04341	4943
dme04341	6054
dme04341	6551
dme04341	6963
dme04341	7094
dme04341	8881
dme04341	9015
dme04341	9211
dme04341	9885
dme04350	1007
dme04350	10539
dme04350	1071
dme04350	10776
dme04350	10798
dme04350	11062
dme04350	11261
dme04350	11941
dme04350	11942
dme04350	12227
dme04350	12399
dme04350	12559
dme04350	12700
dme04350	14026
dme04350	15319
dme04350	15667
dme04350	15800
dme04350	16982
dme04350	16983
dme04350	16988
dme04350	17291
dme04350	1775
dme04350	1877
dme04350	1891
dme04350	2262
dme04350	43089
dme04350	4943
dme04350	5083
dme04350	5201
dme04350	5562
dme04350	7109
dme04350	7413
dme04350	8224
dme04350	8416
dme04350	8819
dme04350	8821
dme04350	8881
dme04350	9224
dme04350	9774
dme04350	9885
dme04391	10067
dme04391	10491
dme04391	10798
dme04391	10917
dme04391	11063
dme04391	11228
dme04391	12021
dme04391	12051
dme04391	12072
dme04391	12399
dme04391	12676
dme04391	12919
dme04391	13139
dme04391	1374
dme04391	13852
dme04391	14228
dme04391	17117
dme04391	1725
dme04391	17291
dme04391	1768
dme04391	17870
dme04391	17941
dme04391	18290
dme04391	2048
dme04391	2671
dme04391	31196
dme04391	31774
dme04391	32018
dme04391	32179
dme04391	32717
dme04391	33193
dme04391	33336
dme04391	3352
dme04391	33542
dme04391	33967
dme04391	3938
dme04391	4005
dme04391	4027
dme04391	4114
dme04391	42318
dme04391	42783
dme04391	42840
dme04391	43398
dme04391	4656
dme04391	4889
dme04391	4974
dme04391	5055
dme04391	5178
dme04391	5409
dme04391	5680
dme04391	5884
dme04391	5988
dme04391	5993
dme04391	6235
dme04391	6383
dme04391	6531
dme04391	6964
dme04391	7109
dme04391	7478
dme04391	8544
dme04391	dme:Dmel_CR43018
dme04392	10295
dme04392	11063
dme04392	11228
dme04392	12072
dme04392	13852
dme04392	14228
dme04392	14895
dme04392	17941
dme04392	2048
dme04392	33193
dme04392	3352
dme04392	33967
dme04392	4005
dme04392	4114
dme04392	4656
dme04392	8544
dme04512	10236
dme04512	11326
dme04512	1560
dme04512	16858
dme04512	1762
dme04512	18250
dme04512	3168
dme04512	3322
dme04512	4145
dme04512	42677
dme04512	7002
dme04512	7123
dme04624	10520
dme04624	10640
dme04624	10810
dme04624	11709
dme04624	11992
dme04624	12244
dme04624	12297
dme04624	12763
dme04624	1365
dme04624	1367
dme04624	1385
dme04624	14704
dme04624	14745
dme04624	14746
dme04624	15231
dme04624	15678
dme04624	1651
dme04624	16705
dme04624	16844
dme04624	16910
dme04624	18106
dme04624	18108
dme04624	18319
dme04624	18492
dme04624	1857
dme04624	2056
dme04624	2078
dme04624	2275
dme04624	31217
dme04624	3131
dme04624	31421
dme04624	32382
dme04624	32383
dme04624	33338
dme04624	33956
dme04624	3412
dme04624	4201
dme04624	42734
dme04624	4353
dme04624	44246
dme04624	4432
dme04624	4437
dme04624	4803
dme04624	5008
dme04624	5475
dme04624	5490
dme04624	5576
dme04624	5680
dme04624	5848
dme04624	5896
dme04624	5974
dme04624	6134
dme04624	6367
dme04624	6667
dme04624	6794
dme04624	6895
dme04624	7393
dme04624	7417
dme04624	7425
dme04624	7486
dme04624	7496
dme04624	7717
dme04624	8293
dme04624	8400
dme04624	8577
dme04624	8995
dme04624	9675
dme04711	14029
dme04711	17888
dme04711	2048
dme04711	2621
dme04711	2647
dme04711	31003
dme04711	3234
dme04711	7391
dme04711	8727
dme04745	10067
dme04745	1063
dme04745	11165
dme04745	12051
dme04745	13526
dme04745	13898
dme04745	15855
dme04745	17759
dme04745	17760
dme04745	17769
dme04745	17770
dme04745	18069
dme04745	18290
dme04745	18345
dme04745	30054
dme04745	30378
dme04745	31960
dme04745	33174
dme04745	3504
dme04745	3620
dme04745	3694
dme04745	40129
dme04745	4027
dme04745	44746
dme04745	4550
dme04745	4574
dme04745	5024
dme04745	5125
dme04745	5178
dme04745	5409
dme04745	5962
dme04745	5996
dme04745	6518
dme04745	6622
dme04745	7478
dme04745	7875
dme04745	8472
dme04745	8770
dme04933	11992
dme04933	12530
dme04933	12559
dme04933	1594
dme04933	16858
dme04933	1775
dme04933	1954
dme04933	2248
dme04933	2262
dme04933	2275
dme04933	2699
dme04933	33338
dme04933	3620
dme04933	4006
dme04933	4141
dme04933	4145
dme04933	4200
dme04933	42349
dme04933	4257
dme04933	4574
dme04933	5072
dme04933	5475
dme04933	5588
dme04933	5680
dme04933	6518
dme04933	6622
dme04933	7393
dme04933	8224
dme04933	8556
dme04933	9366
dme04933	9375
