abr	ko	entrez
aam	K02353	106483786
aam	K02353	106495571
aam	K02353	106483810
aam	K02599	106487002
aam	K04496	106486364
aam	K04496	106487161
aam	K04496	106484138
aam	K04498	106488223
aam	K04498	106482329
aam	K04505	106498263
aam	K04522	106482720
aam	K05948	106496125
aam	K05948	106487094
aam	K05948	106488480
aam	K06051	106498111
aam	K06051	106487338
aam	K06052	106498792
aam	K06053	106498732
aam	K06053	106500124
aam	K06054	106498381
aam	K06054	106498398
aam	K06055	106485742
aam	K06055	106485755
aam	K06056	106494155
aam	K06057	106498239
aam	K06058	106497467
aam	K06058	106493442
aam	K06058	106493449
aam	K06058	106497348
aam	K06058	106498433
aam	K06059	106494759
aam	K06061	106493436
aam	K06061	106495487
aam	K06061	106491858
aam	K06062	106483559
aam	K06062	106487634
aam	K06063	106482898
aam	K06065	106497667
aam	K06065	106497665
aam	K06065	106497666
aam	K06066	106499334
aam	K06067	106493331
aam	K06067	106489693
aam	K06171	106482315
aam	K06172	106491032
aam	K06172	106499504
aam	K06172	106499563
aam	K20994	106499303
aam	K20994	106499704
aam	K21635	106483002
acs	K02353	100553090
acs	K02353	100565717
acs	K02353	100554463
acs	K02353	103282927
acs	K02599	103281734
acs	K02599	100558119
acs	K02599	100554984
acs	K04496	100558730
acs	K04496	100565422
acs	K04496	100557253
acs	K04498	100566746
acs	K04498	100563301
acs	K04505	100553615
acs	K04522	100567182
acs	K05948	100567901
acs	K05948	100565009
acs	K05948	100561637
acs	K06051	100562797
acs	K06051	100567881
acs	K06051	100555876
acs	K06052	100566281
acs	K06053	100560381
acs	K06053	100565653
acs	K06054	100558110
acs	K06054	100558625
acs	K06054	103280462
acs	K06055	100562263
acs	K06057	100553815
acs	K06057	100566373
acs	K06058	100555386
acs	K06058	100565808
acs	K06058	100562257
acs	K06058	100554238
acs	K06058	103280270
acs	K06059	100563907
acs	K06061	100557151
acs	K06061	100551739
acs	K06061	100556381
acs	K06062	100555803
acs	K06062	100556199
acs	K06063	100554269
acs	K06065	100557700
acs	K06066	100558104
acs	K06067	100566341
acs	K06067	100554517
acs	K06170	100560078
acs	K06171	100554460
acs	K06172	100564353
acs	K06172	103282942
acs	K20995	100567900
acs	K20996	103278129
acs	K21635	100552963
aju	K02353	106988759
aju	K02353	106983787
aju	K02353	106972415
aju	K02599	106989563
aju	K04496	106978849
aju	K04496	106971722
aju	K04498	106978741
aju	K04498	106979918
aju	K04505	106974447
aju	K04522	106968626
aju	K05948	106986348
aju	K05948	106984500
aju	K06051	106968571
aju	K06051	106979590
aju	K06051	106978660
aju	K06052	106983335
aju	K06053	106968999
aju	K06053	106975118
aju	K06054	106976345
aju	K06056	106973968
aju	K06057	106974445
aju	K06057	106979608
aju	K06058	106982082
aju	K06058	106986785
aju	K06058	106980720
aju	K06058	106984087
aju	K06058	106975868
aju	K06059	106982950
aju	K06061	106970156
aju	K06061	106970752
aju	K06061	106976181
aju	K06062	106981451
aju	K06062	106972603
aju	K06063	106974389
aju	K06065	106978354
aju	K06066	106987994
aju	K06067	106968918
aju	K06067	106982428
aju	K06170	106974705
aju	K06171	106978522
aju	K06172	106986405
aju	K06172	106986667
aju	K20994	106978507
aju	K20995	106982902
aju	K20996	106983489
aju	K21635	106985950
amj	K02353	102577127
amj	K02353	102570134
amj	K02353	106736875
amj	K02599	102574257
amj	K04496	102566458
amj	K04496	102562924
amj	K04496	106736889
amj	K04498	102571845
amj	K04498	106736758
amj	K04505	102558796
amj	K04522	102572042
amj	K05948	102566885
amj	K05948	102571352
amj	K05948	102567014
amj	K06051	102570015
amj	K06051	102558081
amj	K06051	102559363
amj	K06052	102572438
amj	K06053	102570521
amj	K06053	102572301
amj	K06054	106737359
amj	K06054	109284733
amj	K06054	109280377
amj	K06055	102570137
amj	K06055	102570601
amj	K06055	102570833
amj	K06056	102566526
amj	K06057	102558579
amj	K06057	102566544
amj	K06058	102576841
amj	K06058	102560771
amj	K06058	102576431
amj	K06058	106737199
amj	K06059	102560812
amj	K06061	102571244
amj	K06061	102569849
amj	K06061	102566674
amj	K06062	102572176
amj	K06062	102558317
amj	K06063	102568310
amj	K06065	102563882
amj	K06066	102570722
amj	K06067	102561334
amj	K06067	106737180
amj	K06170	102568806
amj	K06171	102561938
amj	K06172	102571751
amj	K06172	102567968
amj	K20994	106736726
amj	K20995	102573730
amj	K20995	106737792
amj	K21635	102575014
aml	K02353	100466067
aml	K02353	100471972
aml	K02353	100480005
aml	K02599	100468934
aml	K04496	100484032
aml	K04496	100470969
aml	K04498	100480008
aml	K04498	100468694
aml	K04505	100477956
aml	K04522	100466510
aml	K05948	100468722
aml	K05948	100479208
aml	K05948	100470247
aml	K06051	100472990
aml	K06051	100468026
aml	K06051	100484708
aml	K06052	100474031
aml	K06053	100467477
aml	K06053	100480511
aml	K06054	100481439
aml	K06056	105235480
aml	K06057	100471950
aml	K06057	100467801
aml	K06058	100465821
aml	K06058	100465180
aml	K06058	100465104
aml	K06058	100482456
aml	K06058	100479201
aml	K06059	100482770
aml	K06061	100469757
aml	K06061	100473652
aml	K06061	105236208
aml	K06062	100482031
aml	K06062	100468755
aml	K06063	100465183
aml	K06065	100483813
aml	K06066	100472607
aml	K06067	100477725
aml	K06067	100478424
aml	K06170	100464419
aml	K06171	100477937
aml	K06172	100470513
aml	K06172	100479798
aml	K20994	100464781
aml	K20995	100463860
aml	K20996	100477609
aml	K21635	100465289
apla	K02353	101803917
apla	K02353	101795365
apla	K02599	101793300
apla	K04496	101805260
apla	K04496	101793303
apla	K04496	101798753
apla	K04498	101800809
apla	K04498	101800950
apla	K04498	101796241
apla	K04505	101804384
apla	K04522	101791857
apla	K05948	101790022
apla	K05948	101800803
apla	K05948	101797427
apla	K06051	101792399
apla	K06051	101803503
apla	K06052	101801713
apla	K06053	101802372
apla	K06053	101805321
apla	K06054	101792654
apla	K06055	101799035
apla	K06055	101799414
apla	K06055	101799229
apla	K06057	101789669
apla	K06058	101800263
apla	K06058	101794642
apla	K06058	101795814
apla	K06058	101794771
apla	K06059	101794295
apla	K06061	101791113
apla	K06061	101804735
apla	K06061	101798689
apla	K06062	101805426
apla	K06062	101792577
apla	K06063	101804739
apla	K06065	101791213
apla	K06066	101802623
apla	K06067	101793506
apla	K06067	101797531
apla	K06171	101804053
apla	K20994	101800396
apla	K21635	101800386
asn	K02353	102368492
asn	K02353	102369873
asn	K02353	102374968
asn	K02599	102379085
asn	K04496	102373402
asn	K04496	102386129
asn	K04496	102388379
asn	K04498	102369497
asn	K04498	102371912
asn	K04505	102377042
asn	K04522	102387066
asn	K05948	102381094
asn	K05948	102386399
asn	K05948	102388348
asn	K06051	102385762
asn	K06051	102388492
asn	K06052	102381007
asn	K06053	102384488
asn	K06053	102372986
asn	K06054	102386735
asn	K06055	102381442
asn	K06055	102370847
asn	K06055	102371097
asn	K06056	102386775
asn	K06057	102376303
asn	K06057	102375231
asn	K06058	102385735
asn	K06058	102376014
asn	K06058	102381586
asn	K06058	102368322
asn	K06058	102379550
asn	K06059	102373202
asn	K06061	102376059
asn	K06061	102387079
asn	K06061	102382319
asn	K06062	102367884
asn	K06062	102370665
asn	K06063	102387361
asn	K06065	102367986
asn	K06066	102385753
asn	K06067	102378546
asn	K06067	102375203
asn	K06170	106722968
asn	K06171	102387806
asn	K06172	102375744
asn	K06172	102373451
asn	K20994	102378173
asn	K20995	102381093
asn	K21635	102379624
bacu	K02353	103009589
bacu	K02353	103006135
bacu	K02353	103001138
bacu	K02599	102997868
bacu	K04496	103004856
bacu	K04496	103020894
bacu	K04498	103016523
bacu	K04498	103000044
bacu	K04505	103001941
bacu	K04522	102998556
bacu	K05948	103005287
bacu	K05948	103019781
bacu	K05948	103009108
bacu	K06051	103002651
bacu	K06051	103008745
bacu	K06051	103017665
bacu	K06052	103001492
bacu	K06054	103018658
bacu	K06056	103001920
bacu	K06057	103000205
bacu	K06057	103002934
bacu	K06058	103001526
bacu	K06058	103002726
bacu	K06058	103011669
bacu	K06058	103015378
bacu	K06058	102997884
bacu	K06059	103004501
bacu	K06061	103001354
bacu	K06061	103010906
bacu	K06061	103007038
bacu	K06062	103010689
bacu	K06063	103011655
bacu	K06065	103013767
bacu	K06066	103020701
bacu	K06067	103000794
bacu	K06067	102998477
bacu	K06067	103015711
bacu	K06170	103017462
bacu	K06171	103001355
bacu	K06172	103019151
bacu	K06172	102999717
bacu	K20994	103014791
bacu	K20995	103013129
bacu	K20996	103008998
bacu	K21635	102997766
bom	K02353	102287954
bom	K02353	102273776
bom	K02353	102280462
bom	K02599	102277930
bom	K04496	102285032
bom	K04496	102268831
bom	K04498	102264880
bom	K04498	102273007
bom	K04505	102282629
bom	K04522	102284134
bom	K05948	102286691
bom	K05948	102288229
bom	K05948	102276513
bom	K06051	102272154
bom	K06051	102277712
bom	K06051	102283833
bom	K06052	102287080
bom	K06053	102279459
bom	K06053	102284690
bom	K06054	102264508
bom	K06055	102283729
bom	K06056	102288012
bom	K06057	102281415
bom	K06057	102278302
bom	K06058	102286053
bom	K06058	102282100
bom	K06058	102280951
bom	K06058	102273226
bom	K06058	106701285
bom	K06058	106701284
bom	K06059	102279111
bom	K06061	102283317
bom	K06061	102281534
bom	K06061	102280854
bom	K06062	102284799
bom	K06062	102273269
bom	K06063	102271488
bom	K06065	102284731
bom	K06066	102271304
bom	K06067	102279602
bom	K06067	102265183
bom	K06170	102277652
bom	K06171	102274402
bom	K06172	102281250
bom	K06172	102268879
bom	K20994	102272746
bom	K20995	102270219
bom	K20996	102267612
bom	K21635	102264647
bta	K02353	523325
bta	K02353	539203
bta	K02353	614312
bta	K02599	767866
bta	K04496	281730
bta	K04496	513131
bta	K04498	505453
bta	K04505	282705
bta	K04522	282010
bta	K05948	505267
bta	K05948	516209
bta	K05948	532242
bta	K06051	505993
bta	K06051	518746
bta	K06051	788775
bta	K06052	783681
bta	K06053	540059
bta	K06053	767928
bta	K06054	539547
bta	K06055	787633
bta	K06056	513669
bta	K06057	510973
bta	K06057	512187
bta	K06058	512873
bta	K06058	528508
bta	K06058	532767
bta	K06058	524779
bta	K06058	515051
bta	K06059	517541
bta	K06061	521194
bta	K06061	100336926
bta	K06061	540588
bta	K06061	107131260
bta	K06062	514420
bta	K06062	407215
bta	K06063	326578
bta	K06065	538549
bta	K06065	104968594
bta	K06066	534057
bta	K06067	404126
bta	K06067	407223
bta	K06170	493993
bta	K06171	514929
bta	K06172	539247
bta	K06172	530913
bta	K20994	513730
bta	K20995	789485
bta	K20996	536128
bta	K21635	517405
ccw	K02353	104687975
ccw	K02353	104693398
ccw	K02599	104688494
ccw	K04496	104694944
ccw	K04496	104690797
ccw	K04496	104689459
ccw	K04498	104696533
ccw	K04498	104684955
ccw	K04505	104683275
ccw	K04522	104685571
ccw	K05948	104696299
ccw	K05948	104685032
ccw	K05948	104698221
ccw	K06051	104684457
ccw	K06051	104688175
ccw	K06052	104691529
ccw	K06053	104690694
ccw	K06053	104687879
ccw	K06054	104693506
ccw	K06055	104693289
ccw	K06055	104693290
ccw	K06057	104683250
ccw	K06058	104691107
ccw	K06058	104694040
ccw	K06059	104685448
ccw	K06061	104690116
ccw	K06061	104689700
ccw	K06061	104697276
ccw	K06062	104689063
ccw	K06062	104697811
ccw	K06063	104685513
ccw	K06065	104688735
ccw	K06066	104693859
ccw	K06067	104694685
ccw	K06067	104691262
ccw	K06172	104686747
ccw	K20994	104695437
ccw	K21635	104688914
cfa	K02353	478650
cfa	K02353	489464
cfa	K02353	100855811
cfa	K02599	480676
cfa	K04496	612240
cfa	K04496	100684514
cfa	K04498	479866
cfa	K04498	100684945
cfa	K04505	403408
cfa	K04522	490382
cfa	K05948	483376
cfa	K05948	489891
cfa	K05948	610303
cfa	K06051	484508
cfa	K06051	607575
cfa	K06051	100688936
cfa	K06052	485769
cfa	K06053	485892
cfa	K06053	479122
cfa	K06055	489614
cfa	K06056	481804
cfa	K06057	480381
cfa	K06057	612491
cfa	K06058	479723
cfa	K06058	483461
cfa	K06058	478586
cfa	K06058	100687947
cfa	K06058	486276
cfa	K06059	475662
cfa	K06061	485116
cfa	K06061	481457
cfa	K06061	483814
cfa	K06062	477052
cfa	K06062	490971
cfa	K06063	480405
cfa	K06065	486242
cfa	K06066	478804
cfa	K06067	487309
cfa	K06067	475035
cfa	K06170	476479
cfa	K06171	488638
cfa	K06172	487589
cfa	K06172	100855839
cfa	K20994	483148
cfa	K20995	610439
cfa	K20996	481726
cfa	K21635	490882
cfr	K02353	102508928
cfr	K02353	102504125
cfr	K02353	102516993
cfr	K02599	102515615
cfr	K02599	102520446
cfr	K04496	102508242
cfr	K04496	102519579
cfr	K04498	102505509
cfr	K04498	102515619
cfr	K04505	102507075
cfr	K04522	102516800
cfr	K05948	102509192
cfr	K05948	102506111
cfr	K05948	102518312
cfr	K05948	102506937
cfr	K06051	102513087
cfr	K06051	102510495
cfr	K06051	102511280
cfr	K06052	102511823
cfr	K06053	102513913
cfr	K06053	102518246
cfr	K06054	102503828
cfr	K06056	102507731
cfr	K06057	102505630
cfr	K06057	106730273
cfr	K06058	102517272
cfr	K06058	102509257
cfr	K06058	102512550
cfr	K06058	102520059
cfr	K06058	102508267
cfr	K06058	102519639
cfr	K06058	102518355
cfr	K06059	102508816
cfr	K06061	102521818
cfr	K06061	102506262
cfr	K06061	102524583
cfr	K06061	106729843
cfr	K06062	102517009
cfr	K06062	102511960
cfr	K06063	102511967
cfr	K06065	102513196
cfr	K06065	102523592
cfr	K06065	102512370
cfr	K06066	102514499
cfr	K06067	102508320
cfr	K06067	102504100
cfr	K06170	102507260
cfr	K06171	102518464
cfr	K06172	102504132
cfr	K06172	102505639
cfr	K20994	102517418
cfr	K20995	102522765
cfr	K20996	102507311
cge	K02353	100773535
cge	K02353	100770288
cge	K02353	100762587
cge	K02599	100761880
cge	K04496	100766703
cge	K04496	100769412
cge	K04498	100762260
cge	K04498	100770451
cge	K04505	100770550
cge	K04522	100752237
cge	K05948	100762397
cge	K05948	100762875
cge	K05948	100771257
cge	K06051	100750697
cge	K06051	100763048
cge	K06051	100773804
cge	K06052	100750525
cge	K06053	100759718
cge	K06053	100774626
cge	K06054	100752756
cge	K06055	103159170
cge	K06056	100773332
cge	K06057	100771300
cge	K06057	100769776
cge	K06058	100759272
cge	K06058	100755527
cge	K06058	100764385
cge	K06058	100772295
cge	K06058	100755415
cge	K06058	100764941
cge	K06059	100684971
cge	K06061	100762611
cge	K06061	100767462
cge	K06061	100768930
cge	K06061	103164483
cge	K06062	100772054
cge	K06062	100774478
cge	K06063	100759596
cge	K06065	100769124
cge	K06066	100771162
cge	K06067	100752721
cge	K06067	100764557
cge	K06067	100761556
cge	K06170	103161443
cge	K06171	100761836
cge	K06172	100760965
cge	K06172	100772143
cge	K20994	100771788
cge	K20995	100753340
cge	K20996	100765940
cge	K21635	100753300
chx	K02353	102189698
chx	K02353	102188083
chx	K02353	102182444
chx	K02599	102172636
chx	K04496	102173064
chx	K04496	106502236
chx	K04498	102187383
chx	K04498	102187824
chx	K04505	102182879
chx	K04522	102190980
chx	K05948	102178708
chx	K05948	102178013
chx	K05948	102169449
chx	K06051	102184186
chx	K06051	102180396
chx	K06051	102182594
chx	K06052	102189768
chx	K06053	102185075
chx	K06053	102186030
chx	K06054	102177474
chx	K06055	108637781
chx	K06056	102176652
chx	K06057	102188890
chx	K06057	102183334
chx	K06058	102172763
chx	K06058	102186039
chx	K06058	102174191
chx	K06058	102183479
chx	K06058	102190715
chx	K06059	102188327
chx	K06061	102191545
chx	K06061	102181584
chx	K06061	102184738
chx	K06062	102184382
chx	K06062	102184470
chx	K06063	102172728
chx	K06065	102176908
chx	K06066	102183110
chx	K06067	102177165
chx	K06067	102187544
chx	K06170	102177363
chx	K06171	102183281
chx	K06172	102190653
chx	K06172	102170430
chx	K20994	102177020
chx	K20995	102189202
chx	K20996	102173344
chx	K21635	102189630
cjc	K02353	100398229
cjc	K02353	100388569
cjc	K02353	100390081
cjc	K02599	103795708
cjc	K04496	100412920
cjc	K04496	100398309
cjc	K04496	100402402
cjc	K04498	100395278
cjc	K04498	100405037
cjc	K04505	100401034
cjc	K04522	100399890
cjc	K05948	100397710
cjc	K05948	100397083
cjc	K05948	100394244
cjc	K06051	100403776
cjc	K06051	100408189
cjc	K06051	100398335
cjc	K06052	100414977
cjc	K06053	100403762
cjc	K06053	100400742
cjc	K06054	100398058
cjc	K06055	100397404
cjc	K06056	100400855
cjc	K06057	100401784
cjc	K06057	100397248
cjc	K06058	100410155
cjc	K06058	100397312
cjc	K06058	100404190
cjc	K06058	100403865
cjc	K06058	100392823
cjc	K06059	100406520
cjc	K06061	100390939
cjc	K06061	100413881
cjc	K06061	100386797
cjc	K06062	100404275
cjc	K06062	100414237
cjc	K06063	100405519
cjc	K06065	100388955
cjc	K06066	100392930
cjc	K06067	100402327
cjc	K06067	100399690
cjc	K06170	100391204
cjc	K06171	100405811
cjc	K06172	100411289
cjc	K06172	100401462
cjc	K20994	100393852
cjc	K20995	100408994
cjc	K20996	108587674
cjc	K21635	100407348
cjo	K02353	107318246
cjo	K02353	107323265
cjo	K02599	107321700
cjo	K04496	107313898
cjo	K04496	107316246
cjo	K04496	107320035
cjo	K04498	107312938
cjo	K04498	107320924
cjo	K04505	107314867
cjo	K04522	107310896
cjo	K05948	107320761
cjo	K05948	107313900
cjo	K05948	107322080
cjo	K06051	107311443
cjo	K06051	107314835
cjo	K06051	107307268
cjo	K06052	107310945
cjo	K06053	107323009
cjo	K06053	107313969
cjo	K06054	107318289
cjo	K06054	107323568
cjo	K06055	107323256
cjo	K06055	107323479
cjo	K06056	107310910
cjo	K06057	107314861
cjo	K06058	107322456
cjo	K06058	107321462
cjo	K06058	107316789
cjo	K06058	107314419
cjo	K06059	107312200
cjo	K06061	107308417
cjo	K06061	107313100
cjo	K06061	107320121
cjo	K06062	107325120
cjo	K06062	107309257
cjo	K06063	107315132
cjo	K06065	107321168
cjo	K06066	107316658
cjo	K06067	107323875
cjo	K06067	107311872
cjo	K06171	107324410
cjo	K06172	107305821
cjo	K06172	107324514
cjo	K20994	107317104
cjo	K21635	107315355
clv	K02353	102090902
clv	K02353	102083825
clv	K02599	102090800
clv	K04496	102094910
clv	K04496	102096394
clv	K04496	102083568
clv	K04498	102097232
clv	K04498	102085000
clv	K04505	102098339
clv	K04522	102086670
clv	K05948	102094918
clv	K05948	102084027
clv	K05948	102092690
clv	K06051	102085870
clv	K06051	102096537
clv	K06052	102097665
clv	K06053	102083723
clv	K06053	102083604
clv	K06054	102097253
clv	K06054	102095829
clv	K06055	102089714
clv	K06055	102098987
clv	K06055	106146000
clv	K06057	102097637
clv	K06058	102095751
clv	K06058	102097647
clv	K06058	102095837
clv	K06058	102098825
clv	K06059	102098173
clv	K06061	102084163
clv	K06061	102087680
clv	K06061	102091126
clv	K06062	102091620
clv	K06062	102083878
clv	K06063	102090759
clv	K06065	102090877
clv	K06066	102086326
clv	K06067	102085406
clv	K06067	102096090
clv	K06171	102085066
clv	K06172	102096497
clv	K06172	102091985
clv	K20994	102095491
clv	K21635	102083919
cmk	K02353	103181449
cmk	K02353	103187995
cmk	K02599	103172786
cmk	K02599	103184734
cmk	K04496	103181470
cmk	K04496	103177277
cmk	K04496	103185450
cmk	K04498	103178725
cmk	K04498	103189241
cmk	K04505	103178476
cmk	K04505	103191072
cmk	K04522	103178605
cmk	K05948	103189782
cmk	K05948	103175474
cmk	K05948	103186827
cmk	K06051	103171859
cmk	K06051	103174019
cmk	K06051	103190052
cmk	K06052	103186455
cmk	K06053	103175836
cmk	K06053	103190652
cmk	K06054	103187419
cmk	K06054	103173662
cmk	K06055	103181452
cmk	K06055	103181453
cmk	K06055	103181414
cmk	K06057	103178473
cmk	K06057	103172250
cmk	K06058	103177845
cmk	K06058	103189505
cmk	K06058	103184341
cmk	K06058	103180680
cmk	K06059	103187122
cmk	K06061	103181295
cmk	K06061	103188250
cmk	K06061	103184089
cmk	K06062	103189181
cmk	K06062	103181274
cmk	K06063	103186783
cmk	K06065	103187997
cmk	K06066	103176461
cmk	K06066	103176460
cmk	K06067	103185671
cmk	K06067	103182606
cmk	K06172	103187974
cmk	K06172	103181020
cmk	K06172	103191081
cmk	K20994	103184811
cmk	K20995	103189740
cmk	K20995	103187578
cmk	K21635	103190688
cmy	K02353	102935034
cmy	K02353	102940481
cmy	K02599	102932812
cmy	K04496	102932669
cmy	K04496	102942916
cmy	K04496	102934817
cmy	K04498	102943973
cmy	K04498	102941740
cmy	K04505	102942887
cmy	K04522	102932404
cmy	K05948	102932974
cmy	K05948	102935387
cmy	K05948	102931854
cmy	K06051	102940998
cmy	K06051	102940211
cmy	K06051	102941591
cmy	K06052	102944313
cmy	K06053	102943331
cmy	K06053	102945485
cmy	K06054	102940045
cmy	K06054	102942708
cmy	K06055	102934666
cmy	K06055	102935112
cmy	K06055	102934879
cmy	K06056	102938535
cmy	K06057	102943106
cmy	K06058	102947418
cmy	K06058	102931218
cmy	K06058	102939791
cmy	K06058	102930665
cmy	K06058	102944547
cmy	K06059	102933390
cmy	K06061	102941101
cmy	K06061	102943750
cmy	K06061	102942753
cmy	K06062	102932561
cmy	K06062	102940936
cmy	K06063	102940032
cmy	K06065	102929609
cmy	K06066	102943854
cmy	K06067	102936348
cmy	K06067	102938055
cmy	K06170	102931482
cmy	K06171	102943723
cmy	K06172	102930463
cmy	K06172	102939888
cmy	K06172	102935336
cmy	K20994	102939440
cmy	K20995	102930289
cmy	K21635	102941660
cpic	K02353	101944935
cpic	K02353	101944412
cpic	K02353	101945376
cpic	K02599	101941776
cpic	K04496	101937446
cpic	K04496	101932467
cpic	K04496	101938500
cpic	K04498	101940582
cpic	K04498	101930946
cpic	K04505	101947248
cpic	K04522	101931945
cpic	K05948	101934811
cpic	K05948	101940585
cpic	K05948	101950276
cpic	K06051	101934714
cpic	K06051	101947678
cpic	K06051	101947721
cpic	K06052	101950467
cpic	K06053	101943215
cpic	K06053	101941036
cpic	K06053	101951480
cpic	K06054	101931539
cpic	K06054	101940738
cpic	K06055	101931865
cpic	K06055	101932514
cpic	K06055	101932784
cpic	K06056	101933152
cpic	K06057	101931470
cpic	K06057	101945235
cpic	K06058	101931533
cpic	K06058	101949014
cpic	K06058	101936266
cpic	K06058	101950533
cpic	K06059	101938160
cpic	K06061	101932744
cpic	K06061	101945935
cpic	K06061	101953959
cpic	K06062	101941570
cpic	K06062	101938841
cpic	K06063	101951081
cpic	K06065	101938029
cpic	K06066	101943230
cpic	K06067	101943126
cpic	K06067	101948365
cpic	K06170	101947086
cpic	K06171	101952352
cpic	K06172	101949752
cpic	K06172	101936239
cpic	K06172	101949439
cpic	K20994	101943170
cpic	K20995	101932864
cpic	K20996	101948706
cpic	K21635	101933759
csab	K02353	103242279
csab	K02353	103221145
csab	K02353	103225806
csab	K02599	103239621
csab	K04496	103246496
csab	K04496	103216670
csab	K04498	103231770
csab	K04498	103223371
csab	K04505	103229302
csab	K04522	103229985
csab	K05948	103243752
csab	K05948	103223279
csab	K05948	103246864
csab	K06051	103234675
csab	K06051	103245808
csab	K06051	103240985
csab	K06052	103246494
csab	K06053	103245400
csab	K06053	103246259
csab	K06054	103241935
csab	K06055	103225755
csab	K06056	103221488
csab	K06057	103229304
csab	K06057	103235508
csab	K06058	103246668
csab	K06058	103228182
csab	K06058	103234982
csab	K06058	103238581
csab	K06058	103239159
csab	K06059	103220846
csab	K06061	103245110
csab	K06061	103248288
csab	K06061	103236289
csab	K06062	103243423
csab	K06062	103241748
csab	K06063	103229400
csab	K06065	103239348
csab	K06066	103217351
csab	K06067	103225192
csab	K06067	103240535
csab	K06067	103239354
csab	K06170	103234532
csab	K06171	103223723
csab	K06172	103247187
csab	K06172	103245510
csab	K20994	103224078
csab	K20995	103234066
csab	K20996	103221706
csab	K21635	103229794
dre	K02353	323630
dre	K02353	560032
dre	K02353	569863
dre	K02353	80972
dre	K02353	100149082
dre	K02599	30718
dre	K02599	794892
dre	K04496	65229
dre	K04496	678649
dre	K04496	65230
dre	K04497	30206
dre	K04498	559273
dre	K04498	565612
dre	K04498	566841
dre	K04498	567111
dre	K04505	30221
dre	K04522	58026
dre	K05948	30158
dre	K05948	414848
dre	K05948	493633
dre	K06051	30120
dre	K06051	30131
dre	K06051	30138
dre	K06051	30141
dre	K06051	563920
dre	K06052	140421
dre	K06052	140423
dre	K06053	386772
dre	K06053	563306
dre	K06053	503870
dre	K06054	30288
dre	K06054	140613
dre	K06055	402914
dre	K06055	100534909
dre	K06055	359836
dre	K06057	497616
dre	K06057	692064
dre	K06058	393500
dre	K06058	568626
dre	K06058	570481
dre	K06058	334026
dre	K06058	101885597
dre	K06059	324142
dre	K06059	560657
dre	K06061	567335
dre	K06061	101886283
dre	K06062	563942
dre	K06062	555517
dre	K06063	321852
dre	K06065	561503
dre	K06067	192302
dre	K06170	402810
dre	K06171	494449
dre	K06172	386808
dre	K06172	559336
dre	K20994	58065
dre	K20995	58066
dre	K21635	566455
dre	K21635	140422
ecb	K02353	100061612
ecb	K02353	100147200
ecb	K02353	100147654
ecb	K02599	100068764
ecb	K04496	100056830
ecb	K04496	100052216
ecb	K04498	100055626
ecb	K04498	100069613
ecb	K04505	100050164
ecb	K04522	100054506
ecb	K05948	100057395
ecb	K05948	100069766
ecb	K05948	100147464
ecb	K06051	100067648
ecb	K06051	100052876
ecb	K06051	100057073
ecb	K06052	100064289
ecb	K06053	100070913
ecb	K06053	100055547
ecb	K06054	100069015
ecb	K06056	100067052
ecb	K06057	100050235
ecb	K06057	100068203
ecb	K06058	100050618
ecb	K06058	100060906
ecb	K06058	100066645
ecb	K06058	100060632
ecb	K06058	100051299
ecb	K06059	100072496
ecb	K06061	100067991
ecb	K06061	100063201
ecb	K06061	100067311
ecb	K06062	100061976
ecb	K06062	100053057
ecb	K06063	100059578
ecb	K06065	100146720
ecb	K06066	100064837
ecb	K06067	100072578
ecb	K06067	100070281
ecb	K06170	100051536
ecb	K06171	100058515
ecb	K06172	100054581
ecb	K06172	100067205
ecb	K20994	100067078
ecb	K20995	100146771
ecb	K20996	100059541
ecb	K21635	100063598
fab	K02353	101819961
fab	K02353	101814246
fab	K02599	101808230
fab	K04496	101817722
fab	K04496	101821195
fab	K04496	101814780
fab	K04498	101810784
fab	K04498	101809867
fab	K04505	101810998
fab	K04522	101821118
fab	K05948	101808008
fab	K05948	101819642
fab	K05948	101818865
fab	K06051	101819885
fab	K06051	101814466
fab	K06052	101812750
fab	K06053	101822218
fab	K06053	101806810
fab	K06054	101817621
fab	K06054	101816382
fab	K06055	101819112
fab	K06055	101818931
fab	K06056	107603477
fab	K06057	101819294
fab	K06058	101820482
fab	K06058	101822143
fab	K06058	101814962
fab	K06058	101811459
fab	K06059	101814343
fab	K06061	101810413
fab	K06061	101820361
fab	K06061	101810778
fab	K06062	101820857
fab	K06062	101819015
fab	K06063	101815070
fab	K06065	101807710
fab	K06066	101817607
fab	K06067	101809249
fab	K06067	101819193
fab	K06171	101809488
fab	K06172	101820901
fab	K20994	101806559
fab	K21635	101817534
fca	K02353	101095675
fca	K02353	101084782
fca	K02353	101094385
fca	K02599	101094384
fca	K02599	109493592
fca	K04496	101095494
fca	K04496	101099152
fca	K04498	101088344
fca	K04498	101094471
fca	K04505	101087239
fca	K04522	101081693
fca	K05948	101097256
fca	K05948	101080753
fca	K05948	101092320
fca	K06051	101083683
fca	K06051	101086978
fca	K06051	101095456
fca	K06052	101093427
fca	K06053	101100207
fca	K06053	101088656
fca	K06054	101091223
fca	K06055	101089627
fca	K06056	101092608
fca	K06057	101087490
fca	K06057	101091324
fca	K06058	101082071
fca	K06058	101087089
fca	K06058	101095436
fca	K06058	101088366
fca	K06058	101083896
fca	K06059	101089004
fca	K06061	101090687
fca	K06061	101101664
fca	K06061	101096441
fca	K06062	101080732
fca	K06062	101094713
fca	K06063	101081813
fca	K06065	101083973
fca	K06066	101095430
fca	K06067	101099228
fca	K06067	101088165
fca	K06170	101084076
fca	K06171	101090586
fca	K06172	101083193
fca	K06172	102902223
fca	K20994	101091800
fca	K20995	101088469
fca	K20996	105259844
fca	K20996	105260569
fca	K20996	101080381
fca	K21635	101089198
fch	K02353	102050159
fch	K02353	102058771
fch	K02599	102047537
fch	K04496	102046263
fch	K04496	102059033
fch	K04496	102050234
fch	K04498	102045802
fch	K04498	102056653
fch	K04505	102052047
fch	K04522	102052189
fch	K05948	102059881
fch	K05948	102047108
fch	K05948	102054672
fch	K06051	102050284
fch	K06051	102059352
fch	K06052	102047599
fch	K06053	102046417
fch	K06053	102055604
fch	K06054	102046674
fch	K06054	102047850
fch	K06055	102058372
fch	K06055	102058545
fch	K06056	102046371
fch	K06057	102052439
fch	K06057	106630809
fch	K06058	102049156
fch	K06058	102048103
fch	K06058	102058108
fch	K06058	102057577
fch	K06059	102055911
fch	K06061	102053698
fch	K06061	102048839
fch	K06061	102055661
fch	K06062	102046828
fch	K06062	102057415
fch	K06063	102059627
fch	K06065	102052135
fch	K06066	102051831
fch	K06067	102055405
fch	K06067	102057203
fch	K06171	102058533
fch	K06172	102052935
fch	K06172	102052027
fch	K20994	102046116
fch	K20995	102059445
fch	K21635	102058901
fpg	K02353	101911922
fpg	K02353	101912223
fpg	K02599	101924659
fpg	K04496	101917137
fpg	K04496	101915895
fpg	K04496	101921591
fpg	K04498	101920795
fpg	K04498	101924103
fpg	K04505	101922107
fpg	K04522	101914026
fpg	K05948	101914835
fpg	K05948	101916406
fpg	K05948	101916735
fpg	K06051	101921686
fpg	K06051	101924204
fpg	K06052	101923066
fpg	K06053	101914003
fpg	K06053	101922568
fpg	K06054	101912686
fpg	K06054	101916136
fpg	K06055	101922778
fpg	K06055	101922954
fpg	K06055	101923125
fpg	K06056	101921532
fpg	K06057	101922499
fpg	K06057	106112783
fpg	K06058	101923909
fpg	K06058	101915058
fpg	K06058	101922903
fpg	K06058	101916575
fpg	K06059	101924106
fpg	K06061	101914273
fpg	K06061	101917072
fpg	K06061	101923208
fpg	K06061	101917120
fpg	K06062	101912497
fpg	K06062	101920637
fpg	K06063	101915181
fpg	K06065	101913529
fpg	K06066	101911106
fpg	K06067	101920073
fpg	K06067	101923969
fpg	K06171	101924768
fpg	K06172	101917609
fpg	K06172	101913130
fpg	K20994	101913048
fpg	K20995	101921282
fpg	K21635	101922343
gfr	K02353	102039062
gfr	K02353	102042753
gfr	K02599	102041448
gfr	K04496	102033763
gfr	K04496	102041811
gfr	K04496	102044654
gfr	K04498	102043483
gfr	K04498	102038495
gfr	K04505	102031986
gfr	K04522	102040969
gfr	K05948	102032502
gfr	K05948	102045657
gfr	K05948	102045456
gfr	K06051	102044857
gfr	K06051	102045124
gfr	K06052	102036252
gfr	K06053	102031715
gfr	K06053	102036513
gfr	K06054	102033320
gfr	K06055	102034026
gfr	K06055	102034191
gfr	K06056	102044688
gfr	K06057	102032588
gfr	K06058	102041989
gfr	K06058	102044440
gfr	K06058	102045315
gfr	K06058	102031511
gfr	K06059	102034165
gfr	K06061	102038948
gfr	K06061	102032203
gfr	K06061	102040854
gfr	K06062	102043992
gfr	K06062	102036361
gfr	K06063	102043839
gfr	K06065	102036819
gfr	K06066	102043215
gfr	K06067	102045090
gfr	K06067	102038486
gfr	K06171	102034764
gfr	K06172	102034039
gfr	K06172	102044153
gfr	K20994	102044082
gfr	K21635	102039463
gga	K02353	424949
gga	K02353	419416
gga	K02599	395655
gga	K04496	423958
gga	K04496	422904
gga	K04496	416354
gga	K04498	416667
gga	K04498	418000
gga	K04505	373977
gga	K04522	374188
gga	K05948	395789
gga	K05948	395790
gga	K05948	418042
gga	K06051	423208
gga	K06051	395820
gga	K06052	396043
gga	K06053	419185
gga	K06053	422802
gga	K06054	395128
gga	K06054	769039
gga	K06055	419392
gga	K06055	419390
gga	K06056	100858958
gga	K06057	395639
gga	K06058	395516
gga	K06058	417515
gga	K06058	424267
gga	K06058	770657
gga	K06059	421931
gga	K06061	422445
gga	K06061	416286
gga	K06061	428088
gga	K06062	428441
gga	K06062	374232
gga	K06063	423381
gga	K06065	416815
gga	K06066	426529
gga	K06067	395635
gga	K06067	373961
gga	K06171	426905
gga	K06172	431243
gga	K06172	769986
gga	K20994	374031
gga	K21635	776138
ggo	K02353	101145045
ggo	K02353	101146042
ggo	K02353	101141318
ggo	K02599	101151474
ggo	K02599	109024942
ggo	K04496	101145130
ggo	K04496	101134088
ggo	K04498	101153383
ggo	K04498	101144808
ggo	K04498	101136970
ggo	K04505	101137687
ggo	K04522	101137786
ggo	K05948	101150690
ggo	K05948	101145692
ggo	K05948	101151337
ggo	K06051	101126422
ggo	K06051	101123716
ggo	K06051	101154591
ggo	K06052	101129307
ggo	K06053	101138918
ggo	K06053	101138720
ggo	K06054	101137927
ggo	K06055	101133321
ggo	K06056	101143479
ggo	K06057	101149149
ggo	K06057	101133960
ggo	K06058	101144062
ggo	K06058	101134428
ggo	K06058	101131282
ggo	K06058	101144173
ggo	K06058	101145093
ggo	K06058	109027642
ggo	K06059	101152705
ggo	K06061	101128936
ggo	K06061	101138317
ggo	K06061	101147648
ggo	K06062	101125556
ggo	K06062	101145647
ggo	K06063	101153091
ggo	K06065	101150299
ggo	K06066	101129246
ggo	K06067	101151959
ggo	K06067	101153607
ggo	K06067	109023024
ggo	K06170	101151560
ggo	K06171	101134867
ggo	K06172	101133923
ggo	K06172	101149951
ggo	K20994	101149786
ggo	K20995	101134343
ggo	K20996	101150579
ggo	K21635	101132154
gja	K02353	107107424
gja	K02353	107118298
gja	K02353	107118069
gja	K02599	107112973
gja	K04496	107119654
gja	K04496	107107151
gja	K04496	107109458
gja	K04498	107117161
gja	K04498	107108414
gja	K04498	107109304
gja	K04498	107123545
gja	K04505	107117905
gja	K04522	107118519
gja	K05948	107122012
gja	K05948	107105918
gja	K05948	107118125
gja	K06051	107126022
gja	K06051	107106377
gja	K06051	107113466
gja	K06052	107106800
gja	K06053	107116151
gja	K06053	107122002
gja	K06054	107110838
gja	K06054	107120729
gja	K06054	107108767
gja	K06055	107122264
gja	K06055	107122266
gja	K06055	107122267
gja	K06055	107125250
gja	K06057	107117896
gja	K06057	107120215
gja	K06058	107109074
gja	K06058	107122286
gja	K06058	107125577
gja	K06058	107119203
gja	K06058	107107693
gja	K06059	107112820
gja	K06061	107110317
gja	K06061	107110789
gja	K06061	107116840
gja	K06062	107111474
gja	K06062	107123658
gja	K06063	107116453
gja	K06065	107117217
gja	K06066	107120944
gja	K06067	107121973
gja	K06067	107107742
gja	K06170	107108177
gja	K06171	107111190
gja	K06172	107109468
gja	K20995	107119972
gja	K20996	107107508
gja	K21635	107112884
hai	K02353	109371312
hai	K02353	109391189
hai	K02353	109394615
hai	K02599	109381350
hai	K04496	109390943
hai	K04496	109389011
hai	K04498	109392135
hai	K04498	109392262
hai	K04505	109381602
hai	K04522	109391446
hai	K05948	109380238
hai	K05948	109394533
hai	K05948	109393064
hai	K06051	109383961
hai	K06051	109391679
hai	K06051	109395346
hai	K06052	109378995
hai	K06053	109379963
hai	K06053	109382706
hai	K06054	109387269
hai	K06055	109391133
hai	K06056	109382866
hai	K06057	109381545
hai	K06057	109374868
hai	K06058	109382230
hai	K06058	109388199
hai	K06058	109385042
hai	K06058	109390753
hai	K06058	109389990
hai	K06059	109386655
hai	K06061	109394189
hai	K06061	109392779
hai	K06061	109390552
hai	K06062	109395783
hai	K06062	109393983
hai	K06063	109381535
hai	K06065	109386033
hai	K06066	109388739
hai	K06067	109391669
hai	K06067	109384760
hai	K06170	109372064
hai	K06171	109386491
hai	K06172	109387105
hai	K06172	109372289
hai	K20994	109389880
hai	K20995	109376063
hai	K20996	109373115
hai	K21635	109381012
hgl	K02353	101716996
hgl	K02353	101710629
hgl	K02353	101715426
hgl	K02599	101704336
hgl	K04496	101703892
hgl	K04496	101720982
hgl	K04496	101723949
hgl	K04496	101701512
hgl	K04498	101711512
hgl	K04498	101714025
hgl	K04498	101710779
hgl	K04498	101711143
hgl	K04505	101716186
hgl	K04522	101705181
hgl	K05948	101699763
hgl	K05948	101722987
hgl	K05948	101725480
hgl	K06051	101698853
hgl	K06051	101721317
hgl	K06051	101725599
hgl	K06052	101701202
hgl	K06053	101701560
hgl	K06053	101726624
hgl	K06054	101697897
hgl	K06055	101724400
hgl	K06056	101726742
hgl	K06057	101714090
hgl	K06057	101703757
hgl	K06058	101717817
hgl	K06058	101698438
hgl	K06058	101697379
hgl	K06058	101709153
hgl	K06058	101709686
hgl	K06059	101720924
hgl	K06061	101721888
hgl	K06061	101721053
hgl	K06061	101717113
hgl	K06062	101724847
hgl	K06062	101711015
hgl	K06063	101720009
hgl	K06065	101702626
hgl	K06066	101713751
hgl	K06067	101715102
hgl	K06067	101712029
hgl	K06170	101700116
hgl	K06171	101718052
hgl	K06172	101712646
hgl	K06172	101717558
hgl	K20994	101712759
hgl	K20995	101722220
hgl	K20996	101708407
hgl	K21635	101696431
hsa	K02353	1857
hsa	K02353	1856
hsa	K02353	1855
hsa	K02599	4851
hsa	K04496	1487
hsa	K04496	1488
hsa	K04498	1387
hsa	K04498	2033
hsa	K04505	5663
hsa	K04522	5664
hsa	K05948	4242
hsa	K05948	3955
hsa	K05948	5986
hsa	K06051	10683
hsa	K06051	28514
hsa	K06051	54567
hsa	K06052	182
hsa	K06053	11317
hsa	K06053	3516
hsa	K06054	3280
hsa	K06055	388585
hsa	K06056	171558
hsa	K06057	8650
hsa	K06057	9253
hsa	K06058	113878
hsa	K06058	151636
hsa	K06058	1840
hsa	K06058	196403
hsa	K06058	23220
hsa	K06059	6868
hsa	K06061	55534
hsa	K06061	84441
hsa	K06061	9794
hsa	K06062	8850
hsa	K06062	2648
hsa	K06063	22938
hsa	K06065	9612
hsa	K06066	9541
hsa	K06067	3065
hsa	K06067	3066
hsa	K06170	55851
hsa	K06171	23385
hsa	K06172	51107
hsa	K06172	83464
hsa	K20994	4853
hsa	K20995	4854
hsa	K20996	4855
hsa	K21635	3714
ipu	K02353	108268006
ipu	K02353	108264349
ipu	K02353	108268205
ipu	K02353	108276110
ipu	K02599	108279276
ipu	K02599	108255797
ipu	K04496	108269017
ipu	K04496	108269758
ipu	K04496	108273599
ipu	K04496	108268844
ipu	K04498	108259383
ipu	K04498	108279275
ipu	K04498	108273944
ipu	K04498	108272975
ipu	K04505	108269999
ipu	K04522	108258586
ipu	K05948	108259517
ipu	K05948	108257411
ipu	K05948	108273644
ipu	K06051	108258338
ipu	K06051	108257579
ipu	K06051	108260005
ipu	K06051	108262821
ipu	K06051	108277486
ipu	K06052	108258950
ipu	K06053	108271532
ipu	K06053	108267886
ipu	K06053	108260898
ipu	K06054	108272284
ipu	K06054	108275484
ipu	K06055	108275637
ipu	K06055	108275587
ipu	K06055	108275589
ipu	K06055	108254738
ipu	K06055	108254739
ipu	K06055	108254740
ipu	K06055	108254741
ipu	K06055	108254742
ipu	K06055	108254743
ipu	K06055	108254744
ipu	K06055	108254745
ipu	K06055	108254746
ipu	K06055	108275676
ipu	K06057	108269969
ipu	K06057	108277826
ipu	K06058	108280976
ipu	K06058	108255167
ipu	K06058	108260301
ipu	K06058	108255862
ipu	K06058	108276372
ipu	K06058	108263325
ipu	K06058	108267695
ipu	K06058	108272603
ipu	K06059	108257789
ipu	K06059	108270063
ipu	K06061	108277971
ipu	K06061	108268576
ipu	K06061	108263490
ipu	K06062	108278374
ipu	K06062	108272723
ipu	K06063	100304791
ipu	K06065	108265427
ipu	K06066	100304929
ipu	K06067	108255500
ipu	K06067	108272688
ipu	K06170	108277673
ipu	K06171	108280450
ipu	K06172	108271374
ipu	K06172	100304952
ipu	K20994	108265554
ipu	K21635	108263062
ipu	K21635	108258112
lav	K02353	100673586
lav	K02353	100657649
lav	K02353	100657749
lav	K02599	100659212
lav	K04496	100674095
lav	K04496	100675757
lav	K04498	100663731
lav	K04498	100661096
lav	K04505	100669746
lav	K04522	100660389
lav	K05948	100655946
lav	K05948	100669607
lav	K06051	100662144
lav	K06051	100671694
lav	K06051	100654838
lav	K06052	100658294
lav	K06053	100656967
lav	K06053	100660392
lav	K06054	100660397
lav	K06055	100675106
lav	K06056	100666789
lav	K06057	100674666
lav	K06057	100667670
lav	K06058	100674079
lav	K06058	100659187
lav	K06058	100673734
lav	K06058	100654887
lav	K06058	100661227
lav	K06058	100671097
lav	K06059	100663807
lav	K06061	100657378
lav	K06061	100653892
lav	K06061	100677356
lav	K06062	100671393
lav	K06062	100668740
lav	K06063	100657629
lav	K06065	100660810
lav	K06066	100659401
lav	K06067	100666845
lav	K06067	100673540
lav	K06170	100655781
lav	K06171	100668088
lav	K06172	100663360
lav	K06172	100677730
lav	K20994	100665966
lav	K20995	100661550
lav	K20996	100656367
lcm	K02353	102364030
lcm	K02353	102358902
lcm	K02353	102356490
lcm	K02353	102349092
lcm	K02599	102357987
lcm	K02599	102358012
lcm	K04496	102356115
lcm	K04496	102355652
lcm	K04496	102357156
lcm	K04498	102363820
lcm	K04498	102355017
lcm	K04498	102355552
lcm	K04498	102353074
lcm	K04498	102352539
lcm	K04498	106706726
lcm	K04505	102350642
lcm	K04522	102353018
lcm	K05948	102362901
lcm	K05948	102347945
lcm	K05948	102350505
lcm	K06051	102347129
lcm	K06051	102346486
lcm	K06051	102366714
lcm	K06052	102364713
lcm	K06053	102363367
lcm	K06053	102363683
lcm	K06054	102354272
lcm	K06054	102355895
lcm	K06054	102365457
lcm	K06054	106705103
lcm	K06055	102346203
lcm	K06055	102362860
lcm	K06055	102362008
lcm	K06055	102346872
lcm	K06057	102350751
lcm	K06057	102347099
lcm	K06058	102354895
lcm	K06058	102366401
lcm	K06058	102345454
lcm	K06058	102358169
lcm	K06058	102365951
lcm	K06058	102363052
lcm	K06058	102367234
lcm	K06058	102353670
lcm	K06059	102367618
lcm	K06061	102356201
lcm	K06061	102347549
lcm	K06061	102345309
lcm	K06062	102366092
lcm	K06062	102346903
lcm	K06063	102353600
lcm	K06065	102348621
lcm	K06066	102366979
lcm	K06067	102364559
lcm	K06170	102351771
lcm	K06171	102355498
lcm	K06172	102360420
lcm	K06172	102351534
lcm	K06172	102359441
lcm	K20994	102352392
lcm	K20994	102366854
lcm	K20995	102353790
lcm	K21635	102362171
lco	K02353	104937819
lco	K02353	104924672
lco	K02353	104933929
lco	K02353	104934174
lco	K02599	104924495
lco	K02599	104923664
lco	K04496	104928612
lco	K04496	109136641
lco	K04496	104925227
lco	K04496	104922705
lco	K04496	104929382
lco	K04498	104925373
lco	K04498	104918882
lco	K04498	104932063
lco	K04498	104925726
lco	K04505	104935360
lco	K04522	104939462
lco	K05948	104921160
lco	K05948	104918731
lco	K05948	104925295
lco	K05948	104929533
lco	K06051	104931664
lco	K06051	104939044
lco	K06051	104932782
lco	K06051	104920170
lco	K06051	104929759
lco	K06051	104921332
lco	K06052	104933632
lco	K06052	104918216
lco	K06053	104930929
lco	K06053	104936685
lco	K06053	104927596
lco	K06054	104920985
lco	K06054	104923504
lco	K06054	104927063
lco	K06055	104938781
lco	K06055	109137292
lco	K06055	109137294
lco	K06055	109139650
lco	K06055	104926421
lco	K06055	104926439
lco	K06055	104926441
lco	K06055	109137632
lco	K06057	104927219
lco	K06057	104935353
lco	K06058	104924013
lco	K06058	104939942
lco	K06058	104932903
lco	K06058	104938748
lco	K06058	104924053
lco	K06058	104930857
lco	K06058	104932913
lco	K06059	104922135
lco	K06059	104938532
lco	K06061	104925962
lco	K06061	104934867
lco	K06061	104923056
lco	K06062	104923119
lco	K06062	104926017
lco	K06063	104926953
lco	K06065	104933473
lco	K06066	104924444
lco	K06067	104920778
lco	K06067	104919311
lco	K06067	109140226
lco	K06170	104932362
lco	K06171	104936430
lco	K06172	104929614
lco	K20994	104918423
lco	K21635	104929631
lco	K21635	104925677
lco	K21635	109138006
lve	K02353	103082466
lve	K02353	103078766
lve	K02353	103086975
lve	K02599	103091390
lve	K04496	103089309
lve	K04496	103084760
lve	K04498	103079020
lve	K04498	103070724
lve	K04505	103070847
lve	K04522	103074533
lve	K04522	103072471
lve	K05948	103075553
lve	K05948	103089921
lve	K05948	103076301
lve	K06051	103082526
lve	K06051	103072496
lve	K06051	103070090
lve	K06052	103089749
lve	K06053	103080331
lve	K06053	103077598
lve	K06054	103079775
lve	K06055	103071532
lve	K06056	103076559
lve	K06057	103071666
lve	K06057	103080778
lve	K06058	103084417
lve	K06058	103089308
lve	K06058	103070980
lve	K06058	103084558
lve	K06058	103085669
lve	K06059	103086820
lve	K06061	103070763
lve	K06061	103089653
lve	K06061	103078073
lve	K06062	103080529
lve	K06062	103085599
lve	K06063	103069389
lve	K06065	103075230
lve	K06066	103073586
lve	K06066	103086789
lve	K06067	103070161
lve	K06067	103070274
lve	K06170	103074677
lve	K06171	103072410
lve	K06172	103086290
lve	K06172	103083721
lve	K20994	103083591
lve	K20995	103078398
lve	K20996	103088388
lve	K21635	103091567
mcc	K02353	714381
mcc	K02353	100423838
mcc	K02353	705864
mcc	K02599	709947
mcc	K04496	694507
mcc	K04496	695124
mcc	K04498	706258
mcc	K04498	704331
mcc	K04505	696274
mcc	K04522	698770
mcc	K05948	699530
mcc	K05948	100428736
mcc	K05948	719330
mcc	K06051	697453
mcc	K06051	704898
mcc	K06051	714731
mcc	K06052	718580
mcc	K06053	694601
mcc	K06053	717625
mcc	K06054	707140
mcc	K06055	694929
mcc	K06056	697470
mcc	K06057	696528
mcc	K06057	703485
mcc	K06058	715175
mcc	K06058	700410
mcc	K06058	714914
mcc	K06058	719916
mcc	K06058	714297
mcc	K06059	694429
mcc	K06061	697863
mcc	K06061	700074
mcc	K06061	715047
mcc	K06062	698283
mcc	K06062	706004
mcc	K06063	641448
mcc	K06065	706261
mcc	K06066	698068
mcc	K06067	708441
mcc	K06067	694662
mcc	K06170	100429005
mcc	K06171	719696
mcc	K06172	706483
mcc	K06172	705718
mcc	K20994	713798
mcc	K20995	719119
mcc	K20996	717323
mcc	K21635	708991
mcf	K02353	102138928
mcf	K02353	102143975
mcf	K02353	102130032
mcf	K02599	102138307
mcf	K04496	102121365
mcf	K04496	102117103
mcf	K04496	102127640
mcf	K04498	102135037
mcf	K04498	102131731
mcf	K04505	102138674
mcf	K04522	102117766
mcf	K05948	101865860
mcf	K05948	102122259
mcf	K05948	102132366
mcf	K06051	102115332
mcf	K06051	102145271
mcf	K06051	102125764
mcf	K06052	102132875
mcf	K06053	102141177
mcf	K06053	102120862
mcf	K06054	102146862
mcf	K06055	102143983
mcf	K06056	102135666
mcf	K06057	102116110
mcf	K06057	101867205
mcf	K06058	102140852
mcf	K06058	102135171
mcf	K06058	101864793
mcf	K06058	102141022
mcf	K06058	101865985
mcf	K06059	102116784
mcf	K06061	102121017
mcf	K06061	102142627
mcf	K06061	101866936
mcf	K06062	102115185
mcf	K06062	102142689
mcf	K06063	101864794
mcf	K06063	102130011
mcf	K06065	102140503
mcf	K06066	102115617
mcf	K06067	102125039
mcf	K06067	102140882
mcf	K06067	102125090
mcf	K06170	102145886
mcf	K06171	101865834
mcf	K06172	101865043
mcf	K06172	101925481
mcf	K20994	101864989
mcf	K20995	102120202
mcf	K20996	101866845
mcf	K21635	102119283
mdo	K02353	100010047
mdo	K02353	100022768
mdo	K02353	100617787
mdo	K02599	100616999
mdo	K04496	100025014
mdo	K04496	100010586
mdo	K04498	100028102
mdo	K04498	100013876
mdo	K04505	100019628
mdo	K04522	100026453
mdo	K05948	100029839
mdo	K05948	100025532
mdo	K05948	100012518
mdo	K06051	100014594
mdo	K06051	100032054
mdo	K06051	100032690
mdo	K06052	100033275
mdo	K06053	100029959
mdo	K06053	100012090
mdo	K06054	100011897
mdo	K06054	100027474
mdo	K06055	100027928
mdo	K06055	100027956
mdo	K06056	100010463
mdo	K06057	100019565
mdo	K06057	100018168
mdo	K06058	100027452
mdo	K06058	100029021
mdo	K06058	103094279
mdo	K06058	103096551
mdo	K06059	100032069
mdo	K06061	100032165
mdo	K06061	100013015
mdo	K06061	100027357
mdo	K06062	100031193
mdo	K06062	100012508
mdo	K06063	100017115
mdo	K06065	107652070
mdo	K06066	100025648
mdo	K06067	100022756
mdo	K06067	100032301
mdo	K06170	100016311
mdo	K06171	100029698
mdo	K06172	100016786
mdo	K06172	100619635
mdo	K20994	100013355
mdo	K20995	100012590
mdo	K20996	100025710
mdo	K21635	100014054
mgp	K02353	100542715
mgp	K02353	100542700
mgp	K02599	100546162
mgp	K04496	100547166
mgp	K04496	100544762
mgp	K04496	100540086
mgp	K04498	100543704
mgp	K04498	100542241
mgp	K04505	100548338
mgp	K04522	100547513
mgp	K05948	100539077
mgp	K05948	100549739
mgp	K05948	100544514
mgp	K06051	100540793
mgp	K06051	100544223
mgp	K06052	100547052
mgp	K06053	100549746
mgp	K06053	100540481
mgp	K06054	104912623
mgp	K06054	100543952
mgp	K06055	100551279
mgp	K06055	100551127
mgp	K06056	100538775
mgp	K06057	100546952
mgp	K06058	100550815
mgp	K06058	100543892
mgp	K06058	100550596
mgp	K06058	100538370
mgp	K06059	100549409
mgp	K06061	100544041
mgp	K06061	100542121
mgp	K06061	104917623
mgp	K06062	100548985
mgp	K06062	100543932
mgp	K06063	100546954
mgp	K06065	100550924
mgp	K06066	104911780
mgp	K06066	100550341
mgp	K06067	100541443
mgp	K06067	100546927
mgp	K06171	100549548
mgp	K06172	100539269
mgp	K20994	100540801
mgp	K21635	100541918
mmu	K02353	13544
mmu	K02353	13542
mmu	K02353	13543
mmu	K02599	18128
mmu	K04496	13016
mmu	K04496	13017
mmu	K04498	12914
mmu	K04498	328572
mmu	K04505	19164
mmu	K04522	19165
mmu	K05948	16848
mmu	K05948	17305
mmu	K05948	19719
mmu	K06051	13388
mmu	K06051	13389
mmu	K06051	54485
mmu	K06052	16449
mmu	K06053	19664
mmu	K06053	19668
mmu	K06054	15205
mmu	K06055	15208
mmu	K06056	19208
mmu	K06057	18222
mmu	K06057	18223
mmu	K06058	14357
mmu	K06058	207521
mmu	K06058	209200
mmu	K06058	74198
mmu	K06058	80904
mmu	K06059	11491
mmu	K06061	103806
mmu	K06061	433586
mmu	K06061	270118
mmu	K06062	14534
mmu	K06062	18519
mmu	K06063	66354
mmu	K06065	20602
mmu	K06066	66935
mmu	K06067	15182
mmu	K06067	433759
mmu	K06170	66340
mmu	K06171	59287
mmu	K06172	226548
mmu	K06172	68318
mmu	K06172	208117
mmu	K20994	18129
mmu	K20995	18131
mmu	K20996	18132
mmu	K21635	16450
myb	K02353	102247666
myb	K02353	102263975
myb	K02353	102242768
myb	K04496	102242646
myb	K04496	102250594
myb	K04498	102260716
myb	K04498	102249541
myb	K04498	102249092
myb	K04498	102261202
myb	K04505	102251307
myb	K04522	102242706
myb	K05948	102238965
myb	K05948	102261162
myb	K06051	102257976
myb	K06051	102241481
myb	K06051	102242880
myb	K06051	106725061
myb	K06052	102239114
myb	K06053	102251519
myb	K06053	102247977
myb	K06054	102247384
myb	K06056	102257049
myb	K06057	102252188
myb	K06057	102250230
myb	K06058	102250762
myb	K06058	102252656
myb	K06058	102243687
myb	K06058	102257554
myb	K06058	102240653
myb	K06058	102249514
myb	K06058	102242695
myb	K06059	102256292
myb	K06061	102248464
myb	K06061	102242544
myb	K06061	102259937
myb	K06062	102256768
myb	K06062	102257744
myb	K06063	102250488
myb	K06063	102257193
myb	K06065	102246120
myb	K06066	102239749
myb	K06067	102242800
myb	K06067	102243153
myb	K06170	102244405
myb	K06170	102252620
myb	K06171	102247882
myb	K06172	102248896
myb	K06172	102243839
myb	K20994	102253740
myb	K20994	102248493
myb	K20995	102263849
myb	K20996	102246571
myb	K20996	102253244
myb	K21635	102247586
myd	K02353	102751460
myd	K02353	102771718
myd	K02353	102770215
myd	K02599	102759072
myd	K04496	102772516
myd	K04496	102753914
myd	K04498	102773412
myd	K04498	102760017
myd	K04505	102773904
myd	K04522	102772354
myd	K05948	102764930
myd	K05948	102767457
myd	K05948	102761145
myd	K06051	102756052
myd	K06051	102758782
myd	K06051	102752350
myd	K06052	102754312
myd	K06053	102767994
myd	K06053	102768470
myd	K06054	102755556
myd	K06056	102762882
myd	K06057	102773047
myd	K06057	102755446
myd	K06058	102760894
myd	K06058	102767248
myd	K06058	102757485
myd	K06058	102756695
myd	K06059	102767398
myd	K06061	102753315
myd	K06061	102767217
myd	K06061	102754119
myd	K06062	102765994
myd	K06062	102757677
myd	K06063	102774373
myd	K06063	102772926
myd	K06065	102763411
myd	K06066	102763094
myd	K06067	102764610
myd	K06067	102773716
myd	K06170	102757994
myd	K06171	102755408
myd	K06172	102766022
myd	K06172	102759320
myd	K20994	102772197
myd	K20995	102767944
myd	K20996	102752413
mze	K02353	101472481
mze	K02353	101468147
mze	K02353	101484949
mze	K02353	101466230
mze	K02599	101481146
mze	K02599	101473768
mze	K04496	101467118
mze	K04496	101482142
mze	K04496	101476325
mze	K04496	101481404
mze	K04498	101478121
mze	K04498	101476833
mze	K04498	101467023
mze	K04498	101468013
mze	K04505	101485940
mze	K04522	101475262
mze	K05948	101485425
mze	K05948	101466218
mze	K05948	101467699
mze	K05948	101469344
mze	K06051	101474783
mze	K06051	101482222
mze	K06051	101472085
mze	K06051	101471139
mze	K06051	101468734
mze	K06051	101481403
mze	K06052	101485200
mze	K06053	101805557
mze	K06053	101468596
mze	K06053	101479932
mze	K06054	101470131
mze	K06054	101479362
mze	K06054	101482682
mze	K06055	101486328
mze	K06055	101486618
mze	K06055	101482299
mze	K06055	101481130
mze	K06055	101481725
mze	K06055	101480649
mze	K06055	106676497
mze	K06057	101482557
mze	K06057	101487973
mze	K06058	101475962
mze	K06058	101471402
mze	K06058	101488011
mze	K06058	101484745
mze	K06058	101480294
mze	K06058	101478894
mze	K06059	101474055
mze	K06059	101477206
mze	K06061	101481869
mze	K06061	101486637
mze	K06061	101487841
mze	K06062	101477349
mze	K06062	101482035
mze	K06063	101485782
mze	K06065	101470674
mze	K06066	101486040
mze	K06067	101478271
mze	K06067	101481782
mze	K06067	101473181
mze	K06170	101481793
mze	K06171	101465667
mze	K06172	101472539
mze	K20994	101471475
mze	K20994	101484507
mze	K21635	101483022
mze	K21635	101468567
ngi	K02353	103749746
ngi	K02353	103752158
ngi	K02353	103732646
ngi	K02599	103741215
ngi	K04496	103741116
ngi	K04496	103744263
ngi	K04498	103743486
ngi	K04498	103744441
ngi	K04505	103747390
ngi	K04522	103725095
ngi	K05948	103730070
ngi	K05948	103748612
ngi	K05948	103748675
ngi	K06051	103750746
ngi	K06051	103742345
ngi	K06051	103744923
ngi	K06052	103729189
ngi	K06053	103736666
ngi	K06053	103737516
ngi	K06054	103738854
ngi	K06055	103749777
ngi	K06056	103730807
ngi	K06057	103750769
ngi	K06057	103747387
ngi	K06058	103733336
ngi	K06058	103741977
ngi	K06058	103733477
ngi	K06058	103742906
ngi	K06058	103745546
ngi	K06059	103747629
ngi	K06061	103749376
ngi	K06061	103742373
ngi	K06061	103748245
ngi	K06062	103735888
ngi	K06062	103734285
ngi	K06063	103739444
ngi	K06063	103739468
ngi	K06065	103739014
ngi	K06066	103751752
ngi	K06067	103733778
ngi	K06067	103745919
ngi	K06170	103729935
ngi	K06171	103740224
ngi	K06172	103750079
ngi	K06172	103742667
ngi	K20994	103732001
ngi	K20995	103731622
ngi	K20996	103724403
ngi	K21635	103752541
nle	K02353	100585595
nle	K02353	100593186
nle	K02353	100583216
nle	K02599	100602494
nle	K04496	100603170
nle	K04496	100601461
nle	K04498	100589381
nle	K04498	100596998
nle	K04505	100586383
nle	K04522	100596029
nle	K05948	100590152
nle	K05948	100603704
nle	K05948	100599575
nle	K06051	100592674
nle	K06051	100587621
nle	K06051	100606767
nle	K06052	100590989
nle	K06053	100595868
nle	K06053	100594552
nle	K06054	100603131
nle	K06056	100603543
nle	K06057	100585849
nle	K06057	100587041
nle	K06058	100606949
nle	K06058	100588548
nle	K06058	100601501
nle	K06058	100595555
nle	K06058	100599997
nle	K06058	100598256
nle	K06059	100605134
nle	K06061	100582822
nle	K06061	100588308
nle	K06061	100597146
nle	K06061	100607917
nle	K06062	100584880
nle	K06063	100602374
nle	K06065	100581656
nle	K06066	100579403
nle	K06067	100591684
nle	K06067	100591033
nle	K06170	100580026
nle	K06171	100596812
nle	K06172	100595057
nle	K06172	100600216
nle	K20994	100584613
nle	K20995	100590691
nle	K20996	100600732
nle	K21635	100588659
oaa	K02353	100091980
oaa	K02599	100092718
oaa	K04496	100079718
oaa	K04498	100080510
oaa	K04498	100076960
oaa	K04505	100091250
oaa	K04522	100076299
oaa	K05948	100093244
oaa	K05948	100078922
oaa	K06051	100084879
oaa	K06051	100088465
oaa	K06052	100084421
oaa	K06053	100083614
oaa	K06054	100081083
oaa	K06055	100079434
oaa	K06056	100077645
oaa	K06057	100680687
oaa	K06058	100076596
oaa	K06058	100074814
oaa	K06058	100090946
oaa	K06058	100092577
oaa	K06059	100086345
oaa	K06061	100074347
oaa	K06061	100081801
oaa	K06061	100080195
oaa	K06061	103170151
oaa	K06062	100077074
oaa	K06062	100084553
oaa	K06063	100073600
oaa	K06065	100074498
oaa	K06066	100084368
oaa	K06067	100081366
oaa	K06067	100093591
oaa	K06172	100091348
oaa	K20994	100081510
oaa	K21635	100091037
oas	K02353	101107926
oas	K02353	101104259
oas	K02353	101117599
oas	K02599	101115020
oas	K02599	101121333
oas	K02599	101121082
oas	K04496	101104910
oas	K04496	101115416
oas	K04498	101110136
oas	K04498	101123600
oas	K04505	101102488
oas	K04522	101113776
oas	K05948	101121756
oas	K05948	101103554
oas	K05948	101106785
oas	K05948	101112372
oas	K06051	780478
oas	K06051	101117853
oas	K06051	101116337
oas	K06052	780486
oas	K06053	101107196
oas	K06053	101111217
oas	K06053	106990174
oas	K06054	101106560
oas	K06055	101103410
oas	K06056	101110628
oas	K06057	101120009
oas	K06057	101102733
oas	K06058	101119106
oas	K06058	101118862
oas	K06058	101110361
oas	K06058	101109123
oas	K06058	101116532
oas	K06059	101116815
oas	K06061	101102586
oas	K06061	101119558
oas	K06061	101115315
oas	K06062	101115756
oas	K06062	101109985
oas	K06063	101115879
oas	K06065	101121042
oas	K06066	101105893
oas	K06066	101121654
oas	K06067	101107708
oas	K06067	100820752
oas	K06170	101120856
oas	K06171	101120457
oas	K06172	101103438
oas	K06172	101111553
oas	K20994	101112098
oas	K20995	101123554
oas	K20996	101111324
ocu	K02353	100358367
ocu	K02353	100339336
ocu	K04496	100340618
ocu	K04496	100344790
ocu	K04498	100354135
ocu	K04498	100340619
ocu	K04505	100008886
ocu	K04505	103352058
ocu	K04522	100343671
ocu	K05948	100355921
ocu	K05948	100357457
ocu	K06051	100352191
ocu	K06051	100344124
ocu	K06051	100339893
ocu	K06052	100339551
ocu	K06053	100352205
ocu	K06053	100346517
ocu	K06054	100358704
ocu	K06056	103349830
ocu	K06057	100345271
ocu	K06057	100338948
ocu	K06058	103351740
ocu	K06058	100340510
ocu	K06058	100345028
ocu	K06058	100346085
ocu	K06058	100353341
ocu	K06059	100101613
ocu	K06061	100345650
ocu	K06061	100354708
ocu	K06061	100356351
ocu	K06062	100347774
ocu	K06062	100346295
ocu	K06062	100353065
ocu	K06063	100354981
ocu	K06065	103346650
ocu	K06066	100350485
ocu	K06067	100355156
ocu	K06170	100347447
ocu	K06171	100344741
ocu	K06172	100342209
ocu	K06172	100353867
ocu	K20994	100343819
ocu	K20995	100352722
ocu	K20996	100343400
ola	K02353	101157324
ola	K02353	101163770
ola	K02353	101165393
ola	K02353	101159562
ola	K02599	101161732
ola	K02599	101171596
ola	K04496	101158706
ola	K04496	101168811
ola	K04496	101175355
ola	K04496	101164069
ola	K04498	101168870
ola	K04498	101163392
ola	K04498	101160197
ola	K04498	101155770
ola	K04505	101154844
ola	K04522	101156628
ola	K05948	101156689
ola	K05948	101169038
ola	K05948	101174979
ola	K05948	101155324
ola	K05948	105357447
ola	K06051	101166370
ola	K06051	101163294
ola	K06051	101165992
ola	K06051	101175375
ola	K06051	101169577
ola	K06051	101170775
ola	K06052	101169088
ola	K06052	101168394
ola	K06053	101173676
ola	K06053	101162425
ola	K06053	101167243
ola	K06054	100049441
ola	K06054	100049484
ola	K06054	100049440
ola	K06055	100049435
ola	K06055	100049439
ola	K06057	101171729
ola	K06057	101156908
ola	K06058	101164799
ola	K06058	101166230
ola	K06058	101163335
ola	K06058	101168729
ola	K06058	101161944
ola	K06058	101163297
ola	K06058	101160355
ola	K06058	101168945
ola	K06058	105354141
ola	K06059	101171872
ola	K06059	101165277
ola	K06061	101159889
ola	K06061	101169718
ola	K06061	101165691
ola	K06062	101170930
ola	K06062	101159205
ola	K06063	101165779
ola	K06065	101167546
ola	K06066	101161351
ola	K06067	101166025
ola	K06067	101159547
ola	K06067	101172913
ola	K06170	101173167
ola	K06171	101163847
ola	K06172	101159650
ola	K20994	101162275
ola	K20994	101162450
ola	K21635	101163046
pale	K02353	102895469
pale	K02353	102881158
pale	K02353	102880039
pale	K02599	102889752
pale	K04496	102899024
pale	K04496	102879836
pale	K04498	102881042
pale	K04498	102886172
pale	K04505	102883360
pale	K04522	102888829
pale	K05948	102879652
pale	K05948	102885010
pale	K05948	102892443
pale	K06051	102882856
pale	K06051	102891557
pale	K06051	102892930
pale	K06052	102883084
pale	K06053	102882176
pale	K06053	102898780
pale	K06054	102890128
pale	K06055	102893116
pale	K06056	102878381
pale	K06057	102883621
pale	K06057	102880056
pale	K06058	102892243
pale	K06058	102888219
pale	K06058	102889719
pale	K06058	102896208
pale	K06058	102885068
pale	K06059	102894565
pale	K06061	102885474
pale	K06061	102881263
pale	K06061	102883015
pale	K06062	102885647
pale	K06062	102885891
pale	K06063	102898812
pale	K06065	102895738
pale	K06066	102886690
pale	K06067	102890938
pale	K06067	102878536
pale	K06170	102897571
pale	K06171	102883430
pale	K06172	102881226
pale	K06172	102886686
pale	K20994	102887446
pale	K20995	102898799
pale	K20996	102895453
pale	K21635	102891267
pbi	K02353	103051608
pbi	K02353	103061389
pbi	K02353	103051186
pbi	K02353	103060252
pbi	K02599	103058323
pbi	K04496	103066654
pbi	K04496	103058942
pbi	K04496	103067792
pbi	K04496	103049294
pbi	K04498	103059972
pbi	K04498	103060018
pbi	K04498	103064490
pbi	K04505	103054489
pbi	K04522	103051424
pbi	K05948	103060821
pbi	K05948	103063742
pbi	K06051	107326116
pbi	K06051	103054339
pbi	K06051	103059085
pbi	K06051	103049977
pbi	K06052	103048531
pbi	K06053	103060213
pbi	K06053	103067192
pbi	K06054	103049451
pbi	K06054	103056990
pbi	K06055	103057339
pbi	K06055	103058848
pbi	K06057	103055129
pbi	K06057	103055943
pbi	K06057	103064008
pbi	K06058	103056060
pbi	K06058	103063651
pbi	K06058	103068133
pbi	K06058	103066260
pbi	K06058	103055711
pbi	K06059	103060091
pbi	K06061	103055210
pbi	K06061	103060897
pbi	K06061	103058472
pbi	K06061	103060893
pbi	K06062	103067908
pbi	K06062	103060138
pbi	K06063	103064855
pbi	K06063	103050386
pbi	K06065	103056940
pbi	K06066	103055685
pbi	K06067	103048371
pbi	K06067	103058754
pbi	K06067	103066054
pbi	K06067	103063231
pbi	K06170	103058464
pbi	K06171	103049766
pbi	K06172	103067971
pbi	K06172	103065624
pbi	K20994	103050452
pbi	K20996	103063184
pbi	K20996	103059465
pbi	K21635	103060588
phd	K02353	102319823
phd	K02353	102338674
phd	K02353	102331639
phd	K02599	102332566
phd	K04496	102319911
phd	K04498	102334699
phd	K04498	102337371
phd	K04505	102318280
phd	K04522	102330841
phd	K05948	102344439
phd	K05948	102323841
phd	K05948	102342526
phd	K06051	102323314
phd	K06051	102321569
phd	K06051	102316161
phd	K06052	102342259
phd	K06053	102324310
phd	K06053	102340904
phd	K06054	102323229
phd	K06056	102329528
phd	K06057	102343990
phd	K06057	102319203
phd	K06058	102319028
phd	K06058	102340909
phd	K06058	102324652
phd	K06058	102320347
phd	K06058	102333128
phd	K06059	102319953
phd	K06061	102333068
phd	K06061	102326302
phd	K06061	102316347
phd	K06062	102318704
phd	K06062	102326656
phd	K06063	102340334
phd	K06065	102336854
phd	K06066	102331238
phd	K06067	102339088
phd	K06067	102333560
phd	K06170	102341451
phd	K06171	102316644
phd	K06172	102344441
phd	K06172	102341528
phd	K20994	102330080
phd	K20995	102336795
phd	K20996	102329751
phd	K21635	102332781
phi	K02353	102100381
phi	K02353	102106626
phi	K02599	102114193
phi	K04496	102099743
phi	K04496	102111898
phi	K04496	102106499
phi	K04498	102103022
phi	K04498	102103796
phi	K04505	102110260
phi	K04522	102107717
phi	K05948	102104211
phi	K05948	102107617
phi	K05948	102103333
phi	K06051	102103426
phi	K06051	102104688
phi	K06052	102099401
phi	K06053	102099453
phi	K06053	102110878
phi	K06054	102101553
phi	K06054	102100435
phi	K06055	102102765
phi	K06055	102102956
phi	K06056	102111415
phi	K06057	102109598
phi	K06058	102114169
phi	K06058	102100732
phi	K06058	102107841
phi	K06058	102109792
phi	K06058	102106148
phi	K06059	102106429
phi	K06061	102108788
phi	K06061	102109475
phi	K06061	102106380
phi	K06062	102100634
phi	K06062	102111563
phi	K06063	102114044
phi	K06065	102099883
phi	K06066	102103660
phi	K06067	102104750
phi	K06067	102102768
phi	K06170	102108002
phi	K06171	102105278
phi	K06172	102102698
phi	K20994	102109494
phi	K21635	102103419
pon	K02353	100448038
pon	K02353	100454488
pon	K02353	100454011
pon	K02599	100449179
pon	K04496	100461333
pon	K04496	100457735
pon	K04498	100455260
pon	K04498	100445634
pon	K04505	100173083
pon	K04522	100172138
pon	K05948	100453406
pon	K05948	100433262
pon	K05948	100457821
pon	K06051	100437589
pon	K06051	100436112
pon	K06051	100436254
pon	K06052	100431986
pon	K06053	100137043
pon	K06053	100445052
pon	K06054	100455979
pon	K06056	100431493
pon	K06057	100172833
pon	K06057	100452926
pon	K06058	100171717
pon	K06058	100436680
pon	K06058	100447071
pon	K06058	100445005
pon	K06058	100460956
pon	K06059	100439426
pon	K06061	100450331
pon	K06061	100446258
pon	K06061	100456243
pon	K06062	100447160
pon	K06062	100434727
pon	K06063	100174597
pon	K06065	103892154
pon	K06066	100448020
pon	K06067	100172663
pon	K06067	100294534
pon	K06170	100438950
pon	K06171	100172503
pon	K06172	100441729
pon	K06172	100171910
pon	K20994	100447628
pon	K20995	100454773
pon	K20996	100436768
pon	K21635	100447370
pps	K02353	100977837
pps	K02353	100991559
pps	K02353	100986952
pps	K02599	100973648
pps	K04496	100976410
pps	K04496	100983301
pps	K04498	100983185
pps	K04498	100984888
pps	K04505	100969213
pps	K04522	100975191
pps	K05948	100977920
pps	K05948	100995551
pps	K05948	100980961
pps	K06051	100989211
pps	K06051	100973086
pps	K06051	100981817
pps	K06052	100984049
pps	K06053	100969592
pps	K06053	100986827
pps	K06054	100975593
pps	K06056	100993935
pps	K06057	100986743
pps	K06057	100970152
pps	K06058	100985610
pps	K06058	100978309
pps	K06058	100969516
pps	K06058	100971144
pps	K06058	103782922
pps	K06059	100988650
pps	K06061	100984275
pps	K06061	100982217
pps	K06061	100976416
pps	K06062	100979198
pps	K06062	100984656
pps	K06063	100967493
pps	K06065	100985782
pps	K06066	100989637
pps	K06067	100978715
pps	K06067	100980497
pps	K06170	100974103
pps	K06171	100993676
pps	K06172	100982207
pps	K06172	100969832
pps	K20994	100992229
pps	K20995	100984306
pps	K20996	100988436
pps	K21635	100991209
pss	K02353	102448187
pss	K02353	102456265
pss	K02353	102444255
pss	K02599	102449049
pss	K04496	102454667
pss	K04496	102462263
pss	K04496	102456339
pss	K04496	102451846
pss	K04498	102451352
pss	K04498	102447947
pss	K04505	102445249
pss	K04522	102444598
pss	K05948	102455692
pss	K05948	102443867
pss	K05948	102458358
pss	K06051	102452410
pss	K06051	102446756
pss	K06051	102459507
pss	K06052	102461366
pss	K06053	102445495
pss	K06053	102446905
pss	K06054	102463824
pss	K06054	102458752
pss	K06055	102453830
pss	K06055	102454467
pss	K06055	102454225
pss	K06056	102458877
pss	K06057	102445979
pss	K06058	102450939
pss	K06058	102443844
pss	K06058	102451019
pss	K06058	102450685
pss	K06058	102462047
pss	K06059	102454376
pss	K06061	102460996
pss	K06061	102447274
pss	K06061	102456357
pss	K06062	102448076
pss	K06062	102445835
pss	K06063	102450765
pss	K06065	102445529
pss	K06066	102445953
pss	K06067	102447815
pss	K06067	102452071
pss	K06170	102447817
pss	K06171	102458721
pss	K06172	102463836
pss	K06172	102461392
pss	K20994	102452225
pss	K20995	102458191
pss	K21635	102452692
ptg	K02353	102954084
ptg	K02353	102967723
ptg	K02353	102957003
ptg	K02599	102957861
ptg	K04496	102971287
ptg	K04498	102953207
ptg	K04498	102968704
ptg	K04505	102966511
ptg	K04522	102972248
ptg	K05948	102962200
ptg	K05948	102961069
ptg	K05948	102956076
ptg	K06051	102951103
ptg	K06051	102952034
ptg	K06051	102961766
ptg	K06052	102963021
ptg	K06053	102955590
ptg	K06053	102954301
ptg	K06054	102955935
ptg	K06056	102960446
ptg	K06057	102963495
ptg	K06057	102965159
ptg	K06058	102968220
ptg	K06058	102952515
ptg	K06058	102952146
ptg	K06058	102967633
ptg	K06058	102954973
ptg	K06059	102948618
ptg	K06061	102958059
ptg	K06061	102952850
ptg	K06061	102954173
ptg	K06062	102972197
ptg	K06062	102955875
ptg	K06063	102966219
ptg	K06065	102965776
ptg	K06066	102958409
ptg	K06067	102952507
ptg	K06067	102968123
ptg	K06170	102961369
ptg	K06171	102954118
ptg	K06172	102961126
ptg	K06172	102958827
ptg	K20994	102961729
ptg	K20995	102953716
ptg	K20996	102970846
ptr	K02353	460882
ptr	K02353	455236
ptr	K02353	457191
ptr	K02599	464865
ptr	K04496	450810
ptr	K04496	738792
ptr	K04498	467891
ptr	K04498	458862
ptr	K04505	739740
ptr	K04522	457790
ptr	K05948	472272
ptr	K05948	458811
ptr	K05948	747153
ptr	K06051	453344
ptr	K06051	465121
ptr	K06051	736571
ptr	K06051	107972440
ptr	K06052	748073
ptr	K06053	469952
ptr	K06053	461152
ptr	K06054	460942
ptr	K06055	469463
ptr	K06055	107973860
ptr	K06056	462701
ptr	K06057	468884
ptr	K06057	453014
ptr	K06058	747633
ptr	K06058	451210
ptr	K06058	745441
ptr	K06058	470902
ptr	K06058	100615650
ptr	K06058	739385
ptr	K06059	459018
ptr	K06061	471772
ptr	K06061	471311
ptr	K06061	739180
ptr	K06062	460219
ptr	K06062	454677
ptr	K06063	453073
ptr	K06065	467150
ptr	K06066	738618
ptr	K06067	748850
ptr	K06067	462950
ptr	K06170	455962
ptr	K06171	457435
ptr	K06172	457270
ptr	K06172	467700
ptr	K20994	457173
ptr	K20995	455792
ptr	K20996	462587
ptr	K21635	453210
rno	K02353	83721
rno	K02353	303811
rno	K02353	303251
rno	K02599	25496
rno	K04496	29382
rno	K04496	81717
rno	K04498	54244
rno	K04498	170915
rno	K04505	29192
rno	K04522	81751
rno	K05948	315119
rno	K05948	170905
rno	K05948	60433
rno	K06051	114125
rno	K06051	311332
rno	K06051	84010
rno	K06052	29146
rno	K06053	362268
rno	K06053	679028
rno	K06053	297767
rno	K06054	29577
rno	K06055	79225
rno	K06056	116462
rno	K06057	292732
rno	K06057	29419
rno	K06058	293774
rno	K06058	304591
rno	K06058	687424
rno	K06058	500847
rno	K06058	498089
rno	K06059	57027
rno	K06061	303101
rno	K06061	689844
rno	K06061	310405
rno	K06062	303539
rno	K06062	301164
rno	K06063	500695
rno	K06065	360801
rno	K06066	362149
rno	K06067	297893
rno	K06067	84576
rno	K06067	84577
rno	K06170	292788
rno	K06171	289231
rno	K06172	365872
rno	K06172	300802
rno	K06172	691658
rno	K06172	108348064
rno	K20994	29492
rno	K20995	56761
rno	K20996	406162
rno	K21635	29147
rro	K02353	104664635
rro	K02353	104655760
rro	K02353	104679742
rro	K02353	104673334
rro	K02599	104669778
rro	K04496	104657769
rro	K04496	104657323
rro	K04496	104671731
rro	K04498	104673260
rro	K04498	104672289
rro	K04505	104656202
rro	K04522	104677021
rro	K05948	104664990
rro	K05948	104654981
rro	K05948	104682508
rro	K06051	104674405
rro	K06051	104666892
rro	K06051	104676143
rro	K06052	104655766
rro	K06053	104678850
rro	K06053	104666019
rro	K06054	104669884
rro	K06055	104677090
rro	K06056	104667325
rro	K06057	104656274
rro	K06057	104676108
rro	K06058	104666658
rro	K06058	104667924
rro	K06058	104682354
rro	K06058	104681207
rro	K06058	104679444
rro	K06059	104675213
rro	K06061	104676227
rro	K06061	104654335
rro	K06061	104671804
rro	K06062	104680633
rro	K06062	104665709
rro	K06063	104677625
rro	K06065	104666335
rro	K06066	104660251
rro	K06066	104658417
rro	K06066	104675659
rro	K06067	104677352
rro	K06067	104654770
rro	K06067	104657112
rro	K06170	104667082
rro	K06171	104660397
rro	K06172	104681084
rro	K06172	104670854
rro	K20994	104660335
rro	K20995	104661025
rro	K20996	104673909
rro	K21635	104673055
sasa	K02353	106599063
sasa	K02353	106608773
sasa	K02353	106612406
sasa	K02353	106567255
sasa	K02353	106568930
sasa	K02353	106602818
sasa	K02353	106572388
sasa	K02353	106577635
sasa	K02599	106579992
sasa	K02599	106585423
sasa	K02599	106560538
sasa	K04496	106603903
sasa	K04496	106604969
sasa	K04496	106611936
sasa	K04496	106604922
sasa	K04496	106562812
sasa	K04496	106577038
sasa	K04496	106594219
sasa	K04496	100380520
sasa	K04496	100380793
sasa	K04496	106607425
sasa	K04498	106601889
sasa	K04498	106601159
sasa	K04498	106601244
sasa	K04498	106607167
sasa	K04498	106606488
sasa	K04498	106564464
sasa	K04498	106593588
sasa	K04498	106589530
sasa	K04498	106590442
sasa	K04498	106608924
sasa	K04505	106611426
sasa	K04505	106595294
sasa	K04505	106580298
sasa	K04505	106581429
sasa	K04522	100194958
sasa	K04522	106586215
sasa	K05948	106607332
sasa	K05948	106593718
sasa	K05948	106601125
sasa	K05948	106593424
sasa	K05948	106589611
sasa	K05948	106594055
sasa	K05948	106593195
sasa	K05948	106594217
sasa	K05948	106590596
sasa	K05948	106610281
sasa	K06051	106603699
sasa	K06051	106564732
sasa	K06051	106611070
sasa	K06051	106608273
sasa	K06051	106612683
sasa	K06051	106571054
sasa	K06051	106580764
sasa	K06051	106593903
sasa	K06051	106591243
sasa	K06051	100380662
sasa	K06051	106610689
sasa	K06051	106589077
sasa	K06051	106587513
sasa	K06052	106586244
sasa	K06052	106578773
sasa	K06052	106589996
sasa	K06052	106564817
sasa	K06053	106608547
sasa	K06053	106602135
sasa	K06053	106565033
sasa	K06053	106577485
sasa	K06053	106596981
sasa	K06054	106599183
sasa	K06054	106613513
sasa	K06054	106568808
sasa	K06054	106567371
sasa	K06054	106572133
sasa	K06054	106574089
sasa	K06055	106566807
sasa	K06055	106572332
sasa	K06055	106572333
sasa	K06055	106565908
sasa	K06055	106565955
sasa	K06055	106565956
sasa	K06055	106565957
sasa	K06055	106565958
sasa	K06055	106566929
sasa	K06055	100195635
sasa	K06055	106582962
sasa	K06055	106582963
sasa	K06055	106582964
sasa	K06055	106582965
sasa	K06055	106582968
sasa	K06055	106582773
sasa	K06055	106582778
sasa	K06055	106582840
sasa	K06055	106582841
sasa	K06055	106582843
sasa	K06057	106612624
sasa	K06057	106580830
sasa	K06057	106592551
sasa	K06057	106594790
sasa	K06057	106591875
sasa	K06057	106579027
sasa	K06058	106567006
sasa	K06058	106567009
sasa	K06058	106570931
sasa	K06058	106603780
sasa	K06058	106567555
sasa	K06058	106572698
sasa	K06058	106577571
sasa	K06058	106579922
sasa	K06058	106608654
sasa	K06058	106602234
sasa	K06058	106610472
sasa	K06058	100195379
sasa	K06058	106585516
sasa	K06059	106607660
sasa	K06059	106610723
sasa	K06059	106566892
sasa	K06061	106581583
sasa	K06061	106604571
sasa	K06061	106611596
sasa	K06061	106610545
sasa	K06062	106600977
sasa	K06062	106570503
sasa	K06062	106607290
sasa	K06062	106588888
sasa	K06063	106571721
sasa	K06063	106608236
sasa	K06065	106579918
sasa	K06065	106597252
sasa	K06065	106585520
sasa	K06066	106581753
sasa	K06067	106610811
sasa	K06067	106570688
sasa	K06067	101448007
sasa	K06067	101448008
sasa	K06067	106589072
sasa	K06170	106605614
sasa	K06170	106577931
sasa	K06171	106600387
sasa	K06171	106569378
sasa	K06172	106562852
sasa	K06172	106587925
sasa	K06172	106587972
sasa	K06172	106571615
sasa	K20994	106584380
sasa	K20994	106613830
sasa	K21635	106599208
sasa	K21635	106571712
sasa	K21635	106610964
sbq	K02353	101035529
sbq	K02353	101028835
sbq	K02353	101044711
sbq	K02599	101030819
sbq	K04496	101048278
sbq	K04496	101045392
sbq	K04498	101050224
sbq	K04498	101033803
sbq	K04505	101027408
sbq	K04522	101051940
sbq	K05948	101031267
sbq	K05948	101028632
sbq	K05948	101052656
sbq	K06051	101044427
sbq	K06051	101041321
sbq	K06051	101036391
sbq	K06052	101043243
sbq	K06053	101051066
sbq	K06053	101051431
sbq	K06054	101047984
sbq	K06056	101052424
sbq	K06057	101040865
sbq	K06057	101028577
sbq	K06058	101050042
sbq	K06058	101037694
sbq	K06058	101047020
sbq	K06058	101037511
sbq	K06058	101030754
sbq	K06059	101049053
sbq	K06061	101033442
sbq	K06061	101046628
sbq	K06061	101038013
sbq	K06062	101044914
sbq	K06062	101035750
sbq	K06063	101034383
sbq	K06063	101051497
sbq	K06065	101048267
sbq	K06066	101032242
sbq	K06066	101037533
sbq	K06067	101041477
sbq	K06067	104650467
sbq	K06067	101039964
sbq	K06170	101050478
sbq	K06171	101032566
sbq	K06172	101049980
sbq	K06172	101029522
sbq	K20994	101041963
sbq	K20995	101043110
sbq	K20996	101035143
sbq	K21635	101029483
shr	K02353	100931932
shr	K02353	100932600
shr	K02353	100932119
shr	K02599	100928250
shr	K04496	100915704
shr	K04496	100934642
shr	K04498	100926283
shr	K04498	100921187
shr	K04505	100914418
shr	K04522	100928719
shr	K05948	100924408
shr	K05948	100930580
shr	K05948	100914846
shr	K05948	105749498
shr	K06051	100933691
shr	K06051	100919868
shr	K06051	105750094
shr	K06052	100931367
shr	K06053	100927537
shr	K06053	105749035
shr	K06055	100933566
shr	K06055	100933821
shr	K06056	100930445
shr	K06057	100913634
shr	K06057	100915335
shr	K06058	100927757
shr	K06058	100927745
shr	K06058	100932129
shr	K06058	100922681
shr	K06058	100931676
shr	K06058	100929620
shr	K06059	100926795
shr	K06061	100933612
shr	K06061	100920195
shr	K06061	100927963
shr	K06062	100922650
shr	K06062	100926508
shr	K06063	100932860
shr	K06063	100927990
shr	K06063	100920420
shr	K06065	100914103
shr	K06066	100935379
shr	K06067	100913322
shr	K06067	100927352
shr	K06067	100922375
shr	K06170	100927923
shr	K06171	100918120
shr	K06172	100930387
shr	K06172	100927096
shr	K20994	100919958
shr	K20995	100926977
shr	K21635	100921475
ssc	K02353	100525170
ssc	K02353	100621038
ssc	K02353	100625452
ssc	K04496	100154421
ssc	K04498	100156226
ssc	K04505	780411
ssc	K04522	780410
ssc	K05948	100524978
ssc	K05948	102161832
ssc	K06051	100152163
ssc	K06051	100520433
ssc	K06051	100620481
ssc	K06052	100156773
ssc	K06053	100518262
ssc	K06054	100499567
ssc	K06056	100126289
ssc	K06057	100522019
ssc	K06057	100627312
ssc	K06058	100517143
ssc	K06058	100520459
ssc	K06058	100521724
ssc	K06058	100523432
ssc	K06058	100620343
ssc	K06058	100524958
ssc	K06058	100739198
ssc	K06059	397343
ssc	K06059	100738598
ssc	K06061	100520231
ssc	K06061	100626233
ssc	K06061	100739729
ssc	K06062	100524215
ssc	K06062	100626923
ssc	K06063	100623576
ssc	K06065	733643
ssc	K06066	100511415
ssc	K06067	100156170
ssc	K06067	100622482
ssc	K06170	100518735
ssc	K06171	100156098
ssc	K06172	100154978
ssc	K20994	100153369
ssc	K20994	100520559
ssc	K20995	102158881
ssc	K20996	100144522
ssc	K21635	100522743
tgu	K02353	100231182
tgu	K02353	100220188
tgu	K02599	100224074
tgu	K04496	100224313
tgu	K04496	100225326
tgu	K04496	100219906
tgu	K04498	100227395
tgu	K04498	100231106
tgu	K04505	100223971
tgu	K04522	100232599
tgu	K05948	100218383
tgu	K05948	100232663
tgu	K05948	100232033
tgu	K06051	100230776
tgu	K06051	100221955
tgu	K06052	100218171
tgu	K06053	100227623
tgu	K06053	100221995
tgu	K06054	100225879
tgu	K06055	100226434
tgu	K06055	100224489
tgu	K06055	100221262
tgu	K06056	105759066
tgu	K06057	100226855
tgu	K06058	100219830
tgu	K06058	100218096
tgu	K06058	100227209
tgu	K06058	100217780
tgu	K06059	100225922
tgu	K06061	100231052
tgu	K06061	100220940
tgu	K06061	100231931
tgu	K06062	100227387
tgu	K06062	100221709
tgu	K06063	100221039
tgu	K06065	100219945
tgu	K06066	100219832
tgu	K06067	100218599
tgu	K06067	100220830
tgu	K06170	100190578
tgu	K06171	100222138
tgu	K20994	100224680
tgu	K21635	100231610
tng	K02353	GSTEN00023577G0
tng	K02353	GSTEN00023578G0
tng	K02353	GSTEN00019247G0
tng	K02353	GSTEN00021138G0
tng	K02353	GSTEN00021139G0
tng	K02353	GSTEN00020942G0
tng	K02599	GSTEN00029014G0
tng	K02599	GSTEN00013838G0
tng	K04496	GSTEN00019902G0
tng	K04496	GSTEN00024971G0
tng	K04496	GSTEN00035933G0
tng	K04498	GSTEN00008995G0
tng	K04498	GSTEN00026317G0
tng	K04498	GSTEN00011900G0
tng	K04498	GSTEN00013510G0
tng	K04498	GSTEN00024248G0
tng	K04498	GSTEN00026318G0
tng	K04505	GSTEN00004436G0
tng	K04522	GSTEN00004150G0
tng	K05948	GSTEN00002179G0
tng	K05948	GSTEN00034798G0
tng	K05948	GSTEN00006372G0
tng	K05948	GSTEN00015727G0
tng	K05948	GSTEN00005496G0
tng	K06051	GSTEN00032359G0
tng	K06051	GSTEN00004901G0
tng	K06051	GSTEN00010671G0
tng	K06051	GSTEN00009588G0
tng	K06051	GSTEN00020707G0
tng	K06052	GSTEN00000335G0
tng	K06052	GSTEN00030849G0
tng	K06053	GSTEN00009287G0
tng	K06053	GSTEN00024345G0
tng	K06054	GSTEN00014992G0
tng	K06054	GSTEN00028224G0
tng	K06054	GSTEN00028972G0
tng	K06055	GSTEN00011836G0
tng	K06055	GSTEN00022550G0
tng	K06055	GSTEN00022551G0
tng	K06057	GSTEN00026793G0
tng	K06057	GSTEN00004439G0
tng	K06058	GSTEN00003779G0
tng	K06058	GSTEN00002872G0
tng	K06058	GSTEN00028129G0
tng	K06058	GSTEN00027219G0
tng	K06058	GSTEN00008634G0
tng	K06058	GSTEN00011469G0
tng	K06058	GSTEN00008210G0
tng	K06059	GSTEN00003450G0
tng	K06059	GSTEN00032183G0
tng	K06061	GSTEN00001413G0
tng	K06061	GSTEN00024280G0
tng	K06061	GSTEN00035237G0
tng	K06061	GSTEN00004413G0
tng	K06062	GSTEN00022052G0
tng	K06062	GSTEN00017461G0
tng	K06063	GSTEN00018417G0
tng	K06065	GSTEN00005604G0
tng	K06066	GSTEN00031446G0
tng	K06067	GSTEN00031367G0
tng	K06067	GSTEN00009146G0
tng	K06067	GSTEN00017616G0
tng	K06170	GSTEN00034200G0
tng	K06171	GSTEN00007969G0
tng	K06172	GSTEN00034780G0
tng	K20994	GSTEN00034375G0
tng	K20994	GSTEN00012656G0
tng	K21635	GSTEN00023297G0
tru	K02353	101074176
tru	K02353	101061269
tru	K02353	101065936
tru	K02353	101061354
tru	K02599	105416620
tru	K02599	101062685
tru	K02599	101067059
tru	K04496	101074618
tru	K04496	101063672
tru	K04496	101066137
tru	K04496	101063195
tru	K04498	446056
tru	K04498	101078373
tru	K04498	101070643
tru	K04498	101073984
tru	K04498	101061242
tru	K04505	101077303
tru	K04522	101066600
tru	K05948	101067911
tru	K05948	101073848
tru	K05948	101066309
tru	K05948	101073166
tru	K06051	101064198
tru	K06051	101073076
tru	K06051	101068485
tru	K06051	101078128
tru	K06051	101063117
tru	K06051	105419074
tru	K06052	101078728
tru	K06053	101073448
tru	K06053	101062145
tru	K06054	101070803
tru	K06054	101065156
tru	K06054	101065161
tru	K06055	101076256
tru	K06055	101066862
tru	K06055	101067184
tru	K06055	101069393
tru	K06057	101072040
tru	K06057	101077754
tru	K06058	101064836
tru	K06058	101078468
tru	K06058	101067626
tru	K06058	101064721
tru	K06058	101061217
tru	K06058	101067833
tru	K06059	101063716
tru	K06059	101075639
tru	K06061	101079635
tru	K06061	105418907
tru	K06061	105418908
tru	K06061	105417086
tru	K06062	101072241
tru	K06062	101070909
tru	K06063	101079759
tru	K06065	101077290
tru	K06066	101063999
tru	K06067	101076176
tru	K06067	101072042
tru	K06067	101079482
tru	K06170	101076493
tru	K06171	101072664
tru	K06172	101069150
tru	K20994	101080224
tru	K20994	101078599
tru	K21635	101078180
tru	K21635	101071021
tup	K02353	102472352
tup	K02353	102468994
tup	K02353	102485749
tup	K02599	102482344
tup	K04496	102494077
tup	K04496	102499964
tup	K04498	102484800
tup	K04498	102468175
tup	K04505	102497708
tup	K04522	102490523
tup	K05948	102491172
tup	K05948	102497808
tup	K05948	102493487
tup	K06051	102479901
tup	K06051	102480910
tup	K06051	102468123
tup	K06052	102476608
tup	K06053	102483265
tup	K06053	102471026
tup	K06054	102495758
tup	K06055	102498706
tup	K06056	102491565
tup	K06057	102479348
tup	K06057	102499792
tup	K06058	102497312
tup	K06058	102501019
tup	K06058	102495450
tup	K06058	102474189
tup	K06058	102501633
tup	K06059	102496316
tup	K06061	102499557
tup	K06061	102484990
tup	K06061	102471355
tup	K06062	102480159
tup	K06062	102476156
tup	K06063	102488157
tup	K06063	102488462
tup	K06065	102469122
tup	K06065	102501933
tup	K06066	102478159
tup	K06067	102503291
tup	K06067	102468100
tup	K06170	102487309
tup	K06171	102479873
tup	K06172	102482683
tup	K06172	102487187
tup	K20994	102479715
tup	K20995	102471365
tup	K20996	102493414
tup	K21635	102471501
umr	K02353	103676184
umr	K02353	103660462
umr	K02353	103682075
umr	K02599	103675283
umr	K04496	103676926
umr	K04496	103659474
umr	K04498	103668810
umr	K04498	103674159
umr	K04505	103671416
umr	K04522	103667043
umr	K05948	103666011
umr	K05948	103676401
umr	K05948	103670070
umr	K06051	103660784
umr	K06051	103673543
umr	K06051	103661087
umr	K06052	103674543
umr	K06053	103669875
umr	K06053	103658384
umr	K06054	103676171
umr	K06056	103664080
umr	K06057	103661101
umr	K06057	103671373
umr	K06058	103666272
umr	K06058	103670142
umr	K06058	103678830
umr	K06058	103661291
umr	K06058	103656643
umr	K06059	103675912
umr	K06061	103660724
umr	K06061	103680012
umr	K06061	103657967
umr	K06061	103658075
umr	K06062	103672619
umr	K06062	103681930
umr	K06063	103670735
umr	K06065	103661248
umr	K06066	103659581
umr	K06067	103676974
umr	K06067	103666443
umr	K06170	103682517
umr	K06171	103672041
umr	K06172	103667559
umr	K06172	103679107
umr	K20994	103677132
umr	K20995	103677204
umr	K20996	103682271
xla	K02353	444527
xla	K02353	399301
xla	K02353	108697641
xla	K02353	108718034
xla	K02353	100381153
xla	K02353	108703580
xla	K02599	394367
xla	K02599	108716956
xla	K02599	108700568
xla	K02599	108698191
xla	K02599	108705318
xla	K04496	494997
xla	K04496	398147
xla	K04496	373701
xla	K04496	108696103
xla	K04496	108697380
xla	K04496	108710999
xla	K04498	495689
xla	K04498	108714480
xla	K04498	108715729
xla	K04498	373795
xla	K04505	399258
xla	K04505	108699733
xla	K04522	397713
xla	K04522	108716701
xla	K05948	100036937
xla	K05948	394282
xla	K05948	397855
xla	K05948	397979
xla	K06051	379238
xla	K06051	108717842
xla	K06051	108699270
xla	K06051	108699846
xla	K06051	100337564
xla	K06051	108705808
xla	K06051	108704436
xla	K06052	399110
xla	K06052	108717628
xla	K06053	399453
xla	K06053	108698058
xla	K06054	397813
xla	K06054	379073
xla	K06054	398579
xla	K06054	398258
xla	K06055	379151
xla	K06055	398151
xla	K06055	398259
xla	K06055	108697692
xla	K06055	108697693
xla	K06055	108697694
xla	K06055	108697695
xla	K06055	108697696
xla	K06055	108697697
xla	K06055	108697698
xla	K06055	378498
xla	K06055	108696612
xla	K06055	108696613
xla	K06055	108696614
xla	K06055	108696616
xla	K06055	398150
xla	K06055	398008
xla	K06055	733288
xla	K06055	733287
xla	K06055	733286
xla	K06057	108698619
xla	K06057	108699734
xla	K06057	108700267
xla	K06057	100462918
xla	K06058	379387
xla	K06058	398477
xla	K06058	100127334
xla	K06058	108701239
xla	K06058	398613
xla	K06058	733241
xla	K06058	100126653
xla	K06058	108708300
xla	K06059	733430
xla	K06059	108718238
xla	K06061	394224
xla	K06061	108712615
xla	K06061	108699635
xla	K06061	108706676
xla	K06061	108708742
xla	K06061	108710007
xla	K06062	108719954
xla	K06062	108718922
xla	K06062	108701750
xla	K06062	108702462
xla	K06063	734970
xla	K06063	108698691
xla	K06065	407842
xla	K06065	398642
xla	K06066	446936
xla	K06067	379083
xla	K06067	397868
xla	K06067	399252
xla	K06067	108716821
xla	K06170	494701
xla	K06170	495936
xla	K06171	108700373
xla	K06171	108699428
xla	K06172	595044
xla	K06172	108699398
xla	K20994	108714488
xla	K20994	108715736
xla	K20995	108711658
xla	K21635	108699759
xla	K21635	108698810
xma	K02353	102217272
xma	K02353	102233479
xma	K02353	102235653
xma	K02353	102216940
xma	K02599	102234173
xma	K02599	102233486
xma	K04496	102217139
xma	K04496	102222623
xma	K04496	102226960
xma	K04496	102218513
xma	K04496	102237565
xma	K04496	102230077
xma	K04498	102230576
xma	K04498	102235592
xma	K04498	102221134
xma	K04498	102230991
xma	K04498	102226082
xma	K04505	102224517
xma	K04522	102228767
xma	K05948	102219280
xma	K05948	102225648
xma	K05948	102230356
xma	K06051	102218807
xma	K06051	102217461
xma	K06051	102237493
xma	K06051	102238166
xma	K06051	102216646
xma	K06051	102230284
xma	K06052	102230170
xma	K06053	102220009
xma	K06053	102224688
xma	K06053	102233883
xma	K06054	102224196
xma	K06054	102234758
xma	K06054	102221827
xma	K06054	102220497
xma	K06055	102218095
xma	K06055	102230007
xma	K06055	102227893
xma	K06055	102231804
xma	K06055	102227374
xma	K06055	102227638
xma	K06055	102231537
xma	K06057	102227270
xma	K06057	102219336
xma	K06058	102230390
xma	K06058	102238035
xma	K06058	102234776
xma	K06058	102227104
xma	K06058	102233506
xma	K06058	102236985
xma	K06058	106699693
xma	K06058	102231288
xma	K06058	106700163
xma	K06059	102227287
xma	K06059	102222153
xma	K06061	102227605
xma	K06061	102232692
xma	K06062	102221720
xma	K06062	102222338
xma	K06063	102224593
xma	K06065	102235500
xma	K06065	102225078
xma	K06066	102235890
xma	K06067	102238316
xma	K06067	102236362
xma	K06067	102225350
xma	K06170	102236056
xma	K06171	102220927
xma	K06172	102229895
xma	K20994	102236471
xma	K20994	102217305
xma	K21635	102231778
xma	K21635	102222041
xtr	K02353	100144702
xtr	K02353	100144639
xtr	K02353	780117
xtr	K02599	100037842
xtr	K02599	100488695
xtr	K04496	493289
xtr	K04496	549620
xtr	K04496	493558
xtr	K04498	100101677
xtr	K04498	734023
xtr	K04505	394924
xtr	K04522	549935
xtr	K05948	549805
xtr	K05948	100486895
xtr	K06051	100101697
xtr	K06051	100489166
xtr	K06051	100124798
xtr	K06052	100486874
xtr	K06053	100491789
xtr	K06054	496617
xtr	K06054	394465
xtr	K06055	733463
xtr	K06055	733755
xtr	K06055	101733898
xtr	K06055	100101782
xtr	K06055	100271766
xtr	K06057	100038147
xtr	K06057	100488844
xtr	K06058	407940
xtr	K06058	100144713
xtr	K06058	550107
xtr	K06058	100127181
xtr	K06058	100496352
xtr	K06059	100492947
xtr	K06061	100158633
xtr	K06061	100489486
xtr	K06061	100493991
xtr	K06062	100488927
xtr	K06062	100492735
xtr	K06063	549899
xtr	K06065	733898
xtr	K06066	100495464
xtr	K06067	447995
xtr	K06067	594953
xtr	K06170	549090
xtr	K06171	100170459
xtr	K06172	548560
xtr	K20994	100486344
xtr	K20995	100494244
xtr	K21635	100497180